"AssessmentName","DisplayName","Severity","Status","StatusCause","StatusDescription","SecurityIssue","SecurityCategories","RecommendationCategory","Description","Remediation","ResourceId","ResourceName","ResourceType","ResourceGroupName","AssessmentId"
"af173089-8961-467f-5e21-9ca1b9a0a796","Update libsqlite3-0_for_linux","High","Unhealthy",,,"Vulnerability","Vulnerabilities","SoftwareUpdate",,,"/subscriptions/1acecba7-23bd-4d4d-9770-0b11998514dc/resourceGroups/RG-INVENTORY-DEMO/providers/Microsoft.Compute/virtualMachines/vm-demo-db-01","vm-demo-db-01","Microsoft.Compute/virtualMachines","RG-INVENTORY-DEMO","/subscriptions/1acecba7-23bd-4d4d-9770-0b11998514dc/resourceGroups/RG-INVENTORY-DEMO/providers/Microsoft.Compute/virtualMachines/vm-demo-db-01/providers/Microsoft.Security/assessments/af173089-8961-467f-5e21-9ca1b9a0a796"
"c9c6686b-531d-c006-7dce-d20e28b553e5","Update libnss3_for_linux","Medium","Unhealthy",,,"Vulnerability","Vulnerabilities","SoftwareUpdate",,,"/subscriptions/1acecba7-23bd-4d4d-9770-0b11998514dc/resourceGroups/RG-INVENTORY-DEMO/providers/Microsoft.Compute/virtualMachines/vm-demo-db-01","vm-demo-db-01","Microsoft.Compute/virtualMachines","RG-INVENTORY-DEMO","/subscriptions/1acecba7-23bd-4d4d-9770-0b11998514dc/resourceGroups/RG-INVENTORY-DEMO/providers/Microsoft.Compute/virtualMachines/vm-demo-db-01/providers/Microsoft.Security/assessments/c9c6686b-531d-c006-7dce-d20e28b553e5"
"c9c6686b-531d-c006-7dce-d20e28b553e5","Update libnss3_for_linux","Medium","Unhealthy",,,"Vulnerability","Vulnerabilities","SoftwareUpdate",,,"/subscriptions/1acecba7-23bd-4d4d-9770-0b11998514dc/resourceGroups/RG-INVENTORY-DEMO/providers/Microsoft.Compute/virtualMachines/vm-demo-web-01","vm-demo-web-01","Microsoft.Compute/virtualMachines","RG-INVENTORY-DEMO","/subscriptions/1acecba7-23bd-4d4d-9770-0b11998514dc/resourceGroups/RG-INVENTORY-DEMO/providers/Microsoft.Compute/virtualMachines/vm-demo-web-01/providers/Microsoft.Security/assessments/c9c6686b-531d-c006-7dce-d20e28b553e5"
"af173089-8961-467f-5e21-9ca1b9a0a796","Update libsqlite3-0_for_linux","High","Unhealthy",,,"Vulnerability","Vulnerabilities","SoftwareUpdate",,,"/subscriptions/1acecba7-23bd-4d4d-9770-0b11998514dc/resourceGroups/RG-INVENTORY-DEMO/providers/Microsoft.Compute/virtualMachines/vm-demo-web-01","vm-demo-web-01","Microsoft.Compute/virtualMachines","RG-INVENTORY-DEMO","/subscriptions/1acecba7-23bd-4d4d-9770-0b11998514dc/resourceGroups/RG-INVENTORY-DEMO/providers/Microsoft.Compute/virtualMachines/vm-demo-web-01/providers/Microsoft.Security/assessments/af173089-8961-467f-5e21-9ca1b9a0a796"
"af173089-8961-467f-5e21-9ca1b9a0a796","Update libsqlite3-0_for_linux","High","Unhealthy",,,"Vulnerability","Vulnerabilities","SoftwareUpdate",,,"/subscriptions/1acecba7-23bd-4d4d-9770-0b11998514dc/resourceGroups/RG-INVENTORY-DEMO/providers/Microsoft.Compute/virtualMachines/vm-demo-app-02","vm-demo-app-02","Microsoft.Compute/virtualMachines","RG-INVENTORY-DEMO","/subscriptions/1acecba7-23bd-4d4d-9770-0b11998514dc/resourceGroups/RG-INVENTORY-DEMO/providers/Microsoft.Compute/virtualMachines/vm-demo-app-02/providers/Microsoft.Security/assessments/af173089-8961-467f-5e21-9ca1b9a0a796"
"c9c6686b-531d-c006-7dce-d20e28b553e5","Update libnss3_for_linux","Medium","Unhealthy",,,"Vulnerability","Vulnerabilities","SoftwareUpdate",,,"/subscriptions/1acecba7-23bd-4d4d-9770-0b11998514dc/resourceGroups/RG-INVENTORY-DEMO/providers/Microsoft.Compute/virtualMachines/vm-demo-app-02","vm-demo-app-02","Microsoft.Compute/virtualMachines","RG-INVENTORY-DEMO","/subscriptions/1acecba7-23bd-4d4d-9770-0b11998514dc/resourceGroups/RG-INVENTORY-DEMO/providers/Microsoft.Compute/virtualMachines/vm-demo-app-02/providers/Microsoft.Security/assessments/c9c6686b-531d-c006-7dce-d20e28b553e5"
"2196a0b5-a34a-8628-d4a7-c773f9bb89a1","Update systemd_for_linux","Medium","Unhealthy",,,"Vulnerability","Vulnerabilities","SoftwareUpdate",,,"/subscriptions/1acecba7-23bd-4d4d-9770-0b11998514dc/resourceGroups/RG-INVENTORY-DEMO/providers/Microsoft.Compute/virtualMachines/vm-demo-app-02","vm-demo-app-02","Microsoft.Compute/virtualMachines","RG-INVENTORY-DEMO","/subscriptions/1acecba7-23bd-4d4d-9770-0b11998514dc/resourceGroups/RG-INVENTORY-DEMO/providers/Microsoft.Compute/virtualMachines/vm-demo-app-02/providers/Microsoft.Security/assessments/2196a0b5-a34a-8628-d4a7-c773f9bb89a1"
"771a1d46-b6e9-3335-c85f-25f48eb55e89","Update libssl3t64_for_linux","Low","Unhealthy",,,"Vulnerability","Vulnerabilities","SoftwareUpdate",,,"/subscriptions/1acecba7-23bd-4d4d-9770-0b11998514dc/resourceGroups/RG-INVENTORY-DEMO/providers/Microsoft.Compute/virtualMachines/vm-demo-app-02","vm-demo-app-02","Microsoft.Compute/virtualMachines","RG-INVENTORY-DEMO","/subscriptions/1acecba7-23bd-4d4d-9770-0b11998514dc/resourceGroups/RG-INVENTORY-DEMO/providers/Microsoft.Compute/virtualMachines/vm-demo-app-02/providers/Microsoft.Security/assessments/771a1d46-b6e9-3335-c85f-25f48eb55e89"
"83fe5c99-f0a9-bff8-8abb-dcd77a292f0e","Update libpam-systemd_for_linux","Medium","Unhealthy",,,"Vulnerability","Vulnerabilities","SoftwareUpdate",,,"/subscriptions/1acecba7-23bd-4d4d-9770-0b11998514dc/resourceGroups/RG-INVENTORY-DEMO/providers/Microsoft.Compute/virtualMachines/vm-demo-app-02","vm-demo-app-02","Microsoft.Compute/virtualMachines","RG-INVENTORY-DEMO","/subscriptions/1acecba7-23bd-4d4d-9770-0b11998514dc/resourceGroups/RG-INVENTORY-DEMO/providers/Microsoft.Compute/virtualMachines/vm-demo-app-02/providers/Microsoft.Security/assessments/83fe5c99-f0a9-bff8-8abb-dcd77a292f0e"
"e41d2913-a3e0-a477-1468-c987f74e9881","Update libnss-systemd_for_linux","Medium","Unhealthy",,,"Vulnerability","Vulnerabilities","SoftwareUpdate",,,"/subscriptions/1acecba7-23bd-4d4d-9770-0b11998514dc/resourceGroups/RG-INVENTORY-DEMO/providers/Microsoft.Compute/virtualMachines/vm-demo-app-02","vm-demo-app-02","Microsoft.Compute/virtualMachines","RG-INVENTORY-DEMO","/subscriptions/1acecba7-23bd-4d4d-9770-0b11998514dc/resourceGroups/RG-INVENTORY-DEMO/providers/Microsoft.Compute/virtualMachines/vm-demo-app-02/providers/Microsoft.Security/assessments/e41d2913-a3e0-a477-1468-c987f74e9881"
"2138c8d4-da80-f0da-8349-6b76bf9a5bff","Update xxd_for_linux","High","Unhealthy",,,"Vulnerability","Vulnerabilities","SoftwareUpdate",,,"/subscriptions/1acecba7-23bd-4d4d-9770-0b11998514dc/resourceGroups/RG-INVENTORY-DEMO/providers/Microsoft.Compute/virtualMachines/vm-demo-app-02","vm-demo-app-02","Microsoft.Compute/virtualMachines","RG-INVENTORY-DEMO","/subscriptions/1acecba7-23bd-4d4d-9770-0b11998514dc/resourceGroups/RG-INVENTORY-DEMO/providers/Microsoft.Compute/virtualMachines/vm-demo-app-02/providers/Microsoft.Security/assessments/2138c8d4-da80-f0da-8349-6b76bf9a5bff"
"dfe6c0bc-8ac0-a5a9-544f-b0ceebb1aedc","Update vim-runtime_for_linux","High","Unhealthy",,,"Vulnerability","Vulnerabilities","SoftwareUpdate",,,"/subscriptions/1acecba7-23bd-4d4d-9770-0b11998514dc/resourceGroups/RG-INVENTORY-DEMO/providers/Microsoft.Compute/virtualMachines/vm-demo-app-02","vm-demo-app-02","Microsoft.Compute/virtualMachines","RG-INVENTORY-DEMO","/subscriptions/1acecba7-23bd-4d4d-9770-0b11998514dc/resourceGroups/RG-INVENTORY-DEMO/providers/Microsoft.Compute/virtualMachines/vm-demo-app-02/providers/Microsoft.Security/assessments/dfe6c0bc-8ac0-a5a9-544f-b0ceebb1aedc"
"cc236e65-c4b8-4e4a-a284-2d1965badacf","Update vim-tiny_for_linux","High","Unhealthy",,,"Vulnerability","Vulnerabilities","SoftwareUpdate",,,"/subscriptions/1acecba7-23bd-4d4d-9770-0b11998514dc/resourceGroups/RG-INVENTORY-DEMO/providers/Microsoft.Compute/virtualMachines/vm-demo-app-02","vm-demo-app-02","Microsoft.Compute/virtualMachines","RG-INVENTORY-DEMO","/subscriptions/1acecba7-23bd-4d4d-9770-0b11998514dc/resourceGroups/RG-INVENTORY-DEMO/providers/Microsoft.Compute/virtualMachines/vm-demo-app-02/providers/Microsoft.Security/assessments/cc236e65-c4b8-4e4a-a284-2d1965badacf"
"0bbc261e-0cda-4d27-25d8-6f48031f78bb","Update libsystemd0_for_linux","Medium","Unhealthy",,,"Vulnerability","Vulnerabilities","SoftwareUpdate",,,"/subscriptions/1acecba7-23bd-4d4d-9770-0b11998514dc/resourceGroups/RG-INVENTORY-DEMO/providers/Microsoft.Compute/virtualMachines/vm-demo-app-02","vm-demo-app-02","Microsoft.Compute/virtualMachines","RG-INVENTORY-DEMO","/subscriptions/1acecba7-23bd-4d4d-9770-0b11998514dc/resourceGroups/RG-INVENTORY-DEMO/providers/Microsoft.Compute/virtualMachines/vm-demo-app-02/providers/Microsoft.Security/assessments/0bbc261e-0cda-4d27-25d8-6f48031f78bb"
"24cff57a-6191-a04e-dc6f-457d299851d8","Update telnet_for_linux","High","Unhealthy",,,"Vulnerability","Vulnerabilities","SoftwareUpdate",,,"/subscriptions/1acecba7-23bd-4d4d-9770-0b11998514dc/resourceGroups/RG-INVENTORY-DEMO/providers/Microsoft.Compute/virtualMachines/vm-demo-app-02","vm-demo-app-02","Microsoft.Compute/virtualMachines","RG-INVENTORY-DEMO","/subscriptions/1acecba7-23bd-4d4d-9770-0b11998514dc/resourceGroups/RG-INVENTORY-DEMO/providers/Microsoft.Compute/virtualMachines/vm-demo-app-02/providers/Microsoft.Security/assessments/24cff57a-6191-a04e-dc6f-457d299851d8"
"f2c4c27a-5d2d-efe6-2999-55f491094c3e","Update systemd-sysv_for_linux","Medium","Unhealthy",,,"Vulnerability","Vulnerabilities","SoftwareUpdate",,,"/subscriptions/1acecba7-23bd-4d4d-9770-0b11998514dc/resourceGroups/RG-INVENTORY-DEMO/providers/Microsoft.Compute/virtualMachines/vm-demo-app-02","vm-demo-app-02","Microsoft.Compute/virtualMachines","RG-INVENTORY-DEMO","/subscriptions/1acecba7-23bd-4d4d-9770-0b11998514dc/resourceGroups/RG-INVENTORY-DEMO/providers/Microsoft.Compute/virtualMachines/vm-demo-app-02/providers/Microsoft.Security/assessments/f2c4c27a-5d2d-efe6-2999-55f491094c3e"
"f2ff65b7-358b-2b0b-19ef-c67ffd05f0d2","Update systemd-resolved_for_linux","Medium","Unhealthy",,,"Vulnerability","Vulnerabilities","SoftwareUpdate",,,"/subscriptions/1acecba7-23bd-4d4d-9770-0b11998514dc/resourceGroups/RG-INVENTORY-DEMO/providers/Microsoft.Compute/virtualMachines/vm-demo-app-02","vm-demo-app-02","Microsoft.Compute/virtualMachines","RG-INVENTORY-DEMO","/subscriptions/1acecba7-23bd-4d4d-9770-0b11998514dc/resourceGroups/RG-INVENTORY-DEMO/providers/Microsoft.Compute/virtualMachines/vm-demo-app-02/providers/Microsoft.Security/assessments/f2ff65b7-358b-2b0b-19ef-c67ffd05f0d2"
"9c87e44b-3112-810f-1cbc-a0e4542e91cc","Update udev_for_linux","Medium","Unhealthy",,,"Vulnerability","Vulnerabilities","SoftwareUpdate",,,"/subscriptions/1acecba7-23bd-4d4d-9770-0b11998514dc/resourceGroups/RG-INVENTORY-DEMO/providers/Microsoft.Compute/virtualMachines/vm-demo-app-02","vm-demo-app-02","Microsoft.Compute/virtualMachines","RG-INVENTORY-DEMO","/subscriptions/1acecba7-23bd-4d4d-9770-0b11998514dc/resourceGroups/RG-INVENTORY-DEMO/providers/Microsoft.Compute/virtualMachines/vm-demo-app-02/providers/Microsoft.Security/assessments/9c87e44b-3112-810f-1cbc-a0e4542e91cc"
"64056b21-d2b8-1280-6b20-ff6e2cb29d3c","Update inetutils-telnet_for_linux","High","Unhealthy",,,"Vulnerability","Vulnerabilities","SoftwareUpdate",,,"/subscriptions/1acecba7-23bd-4d4d-9770-0b11998514dc/resourceGroups/RG-INVENTORY-DEMO/providers/Microsoft.Compute/virtualMachines/vm-demo-app-02","vm-demo-app-02","Microsoft.Compute/virtualMachines","RG-INVENTORY-DEMO","/subscriptions/1acecba7-23bd-4d4d-9770-0b11998514dc/resourceGroups/RG-INVENTORY-DEMO/providers/Microsoft.Compute/virtualMachines/vm-demo-app-02/providers/Microsoft.Security/assessments/64056b21-d2b8-1280-6b20-ff6e2cb29d3c"
"796079e2-8db1-ee46-c964-a16e1351b935","Update linux-image-generic_for_linux","Medium","Unhealthy",,,"Vulnerability","Vulnerabilities","SoftwareUpdate",,,"/subscriptions/1acecba7-23bd-4d4d-9770-0b11998514dc/resourceGroups/RG-PW-OPS-DEV-JPE-27161/providers/Microsoft.Compute/virtualMachines/vm-pw-ops-dev-jpw-27161","vm-pw-ops-dev-jpw-27161","Microsoft.Compute/virtualMachines","RG-PW-OPS-DEV-JPE-27161","/subscriptions/1acecba7-23bd-4d4d-9770-0b11998514dc/resourceGroups/RG-PW-OPS-DEV-JPE-27161/providers/Microsoft.Compute/virtualMachines/vm-pw-ops-dev-jpw-27161/providers/Microsoft.Security/assessments/796079e2-8db1-ee46-c964-a16e1351b935"
"53fd08c6-ed4e-99bf-09b4-918085ebe41f","Update systemd-dev_for_linux","Medium","Unhealthy",,,"Vulnerability","Vulnerabilities","SoftwareUpdate",,,"/subscriptions/1acecba7-23bd-4d4d-9770-0b11998514dc/resourceGroups/RG-INVENTORY-DEMO/providers/Microsoft.Compute/virtualMachines/vm-demo-app-02","vm-demo-app-02","Microsoft.Compute/virtualMachines","RG-INVENTORY-DEMO","/subscriptions/1acecba7-23bd-4d4d-9770-0b11998514dc/resourceGroups/RG-INVENTORY-DEMO/providers/Microsoft.Compute/virtualMachines/vm-demo-app-02/providers/Microsoft.Security/assessments/53fd08c6-ed4e-99bf-09b4-918085ebe41f"
"796079e2-8db1-ee46-c964-a16e1351b935","Update linux-image-generic_for_linux","Medium","Unhealthy",,,"Vulnerability","Vulnerabilities","SoftwareUpdate",,,"/subscriptions/1acecba7-23bd-4d4d-9770-0b11998514dc/resourceGroups/RG-INVENTORY-DEMO/providers/Microsoft.Compute/virtualMachines/vm-demo-app-02","vm-demo-app-02","Microsoft.Compute/virtualMachines","RG-INVENTORY-DEMO","/subscriptions/1acecba7-23bd-4d4d-9770-0b11998514dc/resourceGroups/RG-INVENTORY-DEMO/providers/Microsoft.Compute/virtualMachines/vm-demo-app-02/providers/Microsoft.Security/assessments/796079e2-8db1-ee46-c964-a16e1351b935"
"1ff83dc8-e1ae-ddae-abeb-4a127d89acfd","Update openssl_for_linux","Low","Unhealthy",,,"Vulnerability","Vulnerabilities","SoftwareUpdate",,,"/subscriptions/1acecba7-23bd-4d4d-9770-0b11998514dc/resourceGroups/RG-INVENTORY-DEMO/providers/Microsoft.Compute/virtualMachines/vm-demo-app-02","vm-demo-app-02","Microsoft.Compute/virtualMachines","RG-INVENTORY-DEMO","/subscriptions/1acecba7-23bd-4d4d-9770-0b11998514dc/resourceGroups/RG-INVENTORY-DEMO/providers/Microsoft.Compute/virtualMachines/vm-demo-app-02/providers/Microsoft.Security/assessments/1ff83dc8-e1ae-ddae-abeb-4a127d89acfd"
"4f98d320-1618-7c02-9f37-a12c69c57961","Update libudev1_for_linux","Medium","Unhealthy",,,"Vulnerability","Vulnerabilities","SoftwareUpdate",,,"/subscriptions/1acecba7-23bd-4d4d-9770-0b11998514dc/resourceGroups/RG-INVENTORY-DEMO/providers/Microsoft.Compute/virtualMachines/vm-demo-app-02","vm-demo-app-02","Microsoft.Compute/virtualMachines","RG-INVENTORY-DEMO","/subscriptions/1acecba7-23bd-4d4d-9770-0b11998514dc/resourceGroups/RG-INVENTORY-DEMO/providers/Microsoft.Compute/virtualMachines/vm-demo-app-02/providers/Microsoft.Security/assessments/4f98d320-1618-7c02-9f37-a12c69c57961"
"502d04f7-af1d-8294-4576-cb662a7c8343","Update vim-common_for_linux","High","Unhealthy",,,"Vulnerability","Vulnerabilities","SoftwareUpdate",,,"/subscriptions/1acecba7-23bd-4d4d-9770-0b11998514dc/resourceGroups/RG-INVENTORY-DEMO/providers/Microsoft.Compute/virtualMachines/vm-demo-app-02","vm-demo-app-02","Microsoft.Compute/virtualMachines","RG-INVENTORY-DEMO","/subscriptions/1acecba7-23bd-4d4d-9770-0b11998514dc/resourceGroups/RG-INVENTORY-DEMO/providers/Microsoft.Compute/virtualMachines/vm-demo-app-02/providers/Microsoft.Security/assessments/502d04f7-af1d-8294-4576-cb662a7c8343"
"36fc4c8b-6f83-2286-bd18-a8dee06246cc","Update libsystemd-shared_for_linux","Medium","Unhealthy",,,"Vulnerability","Vulnerabilities","SoftwareUpdate",,,"/subscriptions/1acecba7-23bd-4d4d-9770-0b11998514dc/resourceGroups/RG-INVENTORY-DEMO/providers/Microsoft.Compute/virtualMachines/vm-demo-app-02","vm-demo-app-02","Microsoft.Compute/virtualMachines","RG-INVENTORY-DEMO","/subscriptions/1acecba7-23bd-4d4d-9770-0b11998514dc/resourceGroups/RG-INVENTORY-DEMO/providers/Microsoft.Compute/virtualMachines/vm-demo-app-02/providers/Microsoft.Security/assessments/36fc4c8b-6f83-2286-bd18-a8dee06246cc"
"ec3f812f-3b49-eb8f-3144-a6d80a6eaa1c","Update vim_for_linux","Medium","Unhealthy",,,"Vulnerability","Vulnerabilities","SoftwareUpdate",,,"/subscriptions/1acecba7-23bd-4d4d-9770-0b11998514dc/resourceGroups/RG-INVENTORY-DEMO/providers/Microsoft.Compute/virtualMachines/vm-demo-app-02","vm-demo-app-02","Microsoft.Compute/virtualMachines","RG-INVENTORY-DEMO","/subscriptions/1acecba7-23bd-4d4d-9770-0b11998514dc/resourceGroups/RG-INVENTORY-DEMO/providers/Microsoft.Compute/virtualMachines/vm-demo-app-02/providers/Microsoft.Security/assessments/ec3f812f-3b49-eb8f-3144-a6d80a6eaa1c"
"53fd08c6-ed4e-99bf-09b4-918085ebe41f","Update systemd-dev_for_linux","Medium","Unhealthy",,,"Vulnerability","Vulnerabilities","SoftwareUpdate",,,"/subscriptions/1acecba7-23bd-4d4d-9770-0b11998514dc/resourceGroups/RG-INVENTORY-DEMO/providers/Microsoft.Compute/virtualMachines/vm-demo-app-01","vm-demo-app-01","Microsoft.Compute/virtualMachines","RG-INVENTORY-DEMO","/subscriptions/1acecba7-23bd-4d4d-9770-0b11998514dc/resourceGroups/RG-INVENTORY-DEMO/providers/Microsoft.Compute/virtualMachines/vm-demo-app-01/providers/Microsoft.Security/assessments/53fd08c6-ed4e-99bf-09b4-918085ebe41f"
"502d04f7-af1d-8294-4576-cb662a7c8343","Update vim-common_for_linux","High","Unhealthy",,,"Vulnerability","Vulnerabilities","SoftwareUpdate",,,"/subscriptions/1acecba7-23bd-4d4d-9770-0b11998514dc/resourceGroups/RG-INVENTORY-DEMO/providers/Microsoft.Compute/virtualMachines/vm-demo-app-01","vm-demo-app-01","Microsoft.Compute/virtualMachines","RG-INVENTORY-DEMO","/subscriptions/1acecba7-23bd-4d4d-9770-0b11998514dc/resourceGroups/RG-INVENTORY-DEMO/providers/Microsoft.Compute/virtualMachines/vm-demo-app-01/providers/Microsoft.Security/assessments/502d04f7-af1d-8294-4576-cb662a7c8343"
"24cff57a-6191-a04e-dc6f-457d299851d8","Update telnet_for_linux","High","Unhealthy",,,"Vulnerability","Vulnerabilities","SoftwareUpdate",,,"/subscriptions/1acecba7-23bd-4d4d-9770-0b11998514dc/resourceGroups/RG-INVENTORY-DEMO/providers/Microsoft.Compute/virtualMachines/vm-demo-app-01","vm-demo-app-01","Microsoft.Compute/virtualMachines","RG-INVENTORY-DEMO","/subscriptions/1acecba7-23bd-4d4d-9770-0b11998514dc/resourceGroups/RG-INVENTORY-DEMO/providers/Microsoft.Compute/virtualMachines/vm-demo-app-01/providers/Microsoft.Security/assessments/24cff57a-6191-a04e-dc6f-457d299851d8"
"cc236e65-c4b8-4e4a-a284-2d1965badacf","Update vim-tiny_for_linux","High","Unhealthy",,,"Vulnerability","Vulnerabilities","SoftwareUpdate",,,"/subscriptions/1acecba7-23bd-4d4d-9770-0b11998514dc/resourceGroups/RG-INVENTORY-DEMO/providers/Microsoft.Compute/virtualMachines/vm-demo-app-01","vm-demo-app-01","Microsoft.Compute/virtualMachines","RG-INVENTORY-DEMO","/subscriptions/1acecba7-23bd-4d4d-9770-0b11998514dc/resourceGroups/RG-INVENTORY-DEMO/providers/Microsoft.Compute/virtualMachines/vm-demo-app-01/providers/Microsoft.Security/assessments/cc236e65-c4b8-4e4a-a284-2d1965badacf"
"666d6810-b6b9-88cd-7c10-d294a39c9928","Update libxml2_for_linux","High","Unhealthy",,,"Vulnerability","Vulnerabilities","SoftwareUpdate",,,"/subscriptions/1acecba7-23bd-4d4d-9770-0b11998514dc/resourceGroups/RG-INVENTORY-DEMO/providers/Microsoft.Compute/virtualMachines/vm-demo-app-01","vm-demo-app-01","Microsoft.Compute/virtualMachines","RG-INVENTORY-DEMO","/subscriptions/1acecba7-23bd-4d4d-9770-0b11998514dc/resourceGroups/RG-INVENTORY-DEMO/providers/Microsoft.Compute/virtualMachines/vm-demo-app-01/providers/Microsoft.Security/assessments/666d6810-b6b9-88cd-7c10-d294a39c9928"
"dfe6c0bc-8ac0-a5a9-544f-b0ceebb1aedc","Update vim-runtime_for_linux","High","Unhealthy",,,"Vulnerability","Vulnerabilities","SoftwareUpdate",,,"/subscriptions/1acecba7-23bd-4d4d-9770-0b11998514dc/resourceGroups/RG-INVENTORY-DEMO/providers/Microsoft.Compute/virtualMachines/vm-demo-app-01","vm-demo-app-01","Microsoft.Compute/virtualMachines","RG-INVENTORY-DEMO","/subscriptions/1acecba7-23bd-4d4d-9770-0b11998514dc/resourceGroups/RG-INVENTORY-DEMO/providers/Microsoft.Compute/virtualMachines/vm-demo-app-01/providers/Microsoft.Security/assessments/dfe6c0bc-8ac0-a5a9-544f-b0ceebb1aedc"
"36fc4c8b-6f83-2286-bd18-a8dee06246cc","Update libsystemd-shared_for_linux","Medium","Unhealthy",,,"Vulnerability","Vulnerabilities","SoftwareUpdate",,,"/subscriptions/1acecba7-23bd-4d4d-9770-0b11998514dc/resourceGroups/RG-INVENTORY-DEMO/providers/Microsoft.Compute/virtualMachines/vm-demo-app-01","vm-demo-app-01","Microsoft.Compute/virtualMachines","RG-INVENTORY-DEMO","/subscriptions/1acecba7-23bd-4d4d-9770-0b11998514dc/resourceGroups/RG-INVENTORY-DEMO/providers/Microsoft.Compute/virtualMachines/vm-demo-app-01/providers/Microsoft.Security/assessments/36fc4c8b-6f83-2286-bd18-a8dee06246cc"
"f2c4c27a-5d2d-efe6-2999-55f491094c3e","Update systemd-sysv_for_linux","Medium","Unhealthy",,,"Vulnerability","Vulnerabilities","SoftwareUpdate",,,"/subscriptions/1acecba7-23bd-4d4d-9770-0b11998514dc/resourceGroups/RG-INVENTORY-DEMO/providers/Microsoft.Compute/virtualMachines/vm-demo-app-01","vm-demo-app-01","Microsoft.Compute/virtualMachines","RG-INVENTORY-DEMO","/subscriptions/1acecba7-23bd-4d4d-9770-0b11998514dc/resourceGroups/RG-INVENTORY-DEMO/providers/Microsoft.Compute/virtualMachines/vm-demo-app-01/providers/Microsoft.Security/assessments/f2c4c27a-5d2d-efe6-2999-55f491094c3e"
"9c87e44b-3112-810f-1cbc-a0e4542e91cc","Update udev_for_linux","Medium","Unhealthy",,,"Vulnerability","Vulnerabilities","SoftwareUpdate",,,"/subscriptions/1acecba7-23bd-4d4d-9770-0b11998514dc/resourceGroups/RG-INVENTORY-DEMO/providers/Microsoft.Compute/virtualMachines/vm-demo-app-01","vm-demo-app-01","Microsoft.Compute/virtualMachines","RG-INVENTORY-DEMO","/subscriptions/1acecba7-23bd-4d4d-9770-0b11998514dc/resourceGroups/RG-INVENTORY-DEMO/providers/Microsoft.Compute/virtualMachines/vm-demo-app-01/providers/Microsoft.Security/assessments/9c87e44b-3112-810f-1cbc-a0e4542e91cc"
"2196a0b5-a34a-8628-d4a7-c773f9bb89a1","Update systemd_for_linux","Medium","Unhealthy",,,"Vulnerability","Vulnerabilities","SoftwareUpdate",,,"/subscriptions/1acecba7-23bd-4d4d-9770-0b11998514dc/resourceGroups/RG-INVENTORY-DEMO/providers/Microsoft.Compute/virtualMachines/vm-demo-app-01","vm-demo-app-01","Microsoft.Compute/virtualMachines","RG-INVENTORY-DEMO","/subscriptions/1acecba7-23bd-4d4d-9770-0b11998514dc/resourceGroups/RG-INVENTORY-DEMO/providers/Microsoft.Compute/virtualMachines/vm-demo-app-01/providers/Microsoft.Security/assessments/2196a0b5-a34a-8628-d4a7-c773f9bb89a1"
"83fe5c99-f0a9-bff8-8abb-dcd77a292f0e","Update libpam-systemd_for_linux","Medium","Unhealthy",,,"Vulnerability","Vulnerabilities","SoftwareUpdate",,,"/subscriptions/1acecba7-23bd-4d4d-9770-0b11998514dc/resourceGroups/RG-INVENTORY-DEMO/providers/Microsoft.Compute/virtualMachines/vm-demo-app-01","vm-demo-app-01","Microsoft.Compute/virtualMachines","RG-INVENTORY-DEMO","/subscriptions/1acecba7-23bd-4d4d-9770-0b11998514dc/resourceGroups/RG-INVENTORY-DEMO/providers/Microsoft.Compute/virtualMachines/vm-demo-app-01/providers/Microsoft.Security/assessments/83fe5c99-f0a9-bff8-8abb-dcd77a292f0e"
"64056b21-d2b8-1280-6b20-ff6e2cb29d3c","Update inetutils-telnet_for_linux","High","Unhealthy",,,"Vulnerability","Vulnerabilities","SoftwareUpdate",,,"/subscriptions/1acecba7-23bd-4d4d-9770-0b11998514dc/resourceGroups/RG-INVENTORY-DEMO/providers/Microsoft.Compute/virtualMachines/vm-demo-app-01","vm-demo-app-01","Microsoft.Compute/virtualMachines","RG-INVENTORY-DEMO","/subscriptions/1acecba7-23bd-4d4d-9770-0b11998514dc/resourceGroups/RG-INVENTORY-DEMO/providers/Microsoft.Compute/virtualMachines/vm-demo-app-01/providers/Microsoft.Security/assessments/64056b21-d2b8-1280-6b20-ff6e2cb29d3c"
"796079e2-8db1-ee46-c964-a16e1351b935","Update linux-image-generic_for_linux","Medium","Unhealthy",,,"Vulnerability","Vulnerabilities","SoftwareUpdate",,,"/subscriptions/1acecba7-23bd-4d4d-9770-0b11998514dc/resourceGroups/RG-INVENTORY-DEMO/providers/Microsoft.Compute/virtualMachines/vm-demo-app-01","vm-demo-app-01","Microsoft.Compute/virtualMachines","RG-INVENTORY-DEMO","/subscriptions/1acecba7-23bd-4d4d-9770-0b11998514dc/resourceGroups/RG-INVENTORY-DEMO/providers/Microsoft.Compute/virtualMachines/vm-demo-app-01/providers/Microsoft.Security/assessments/796079e2-8db1-ee46-c964-a16e1351b935"
"1ff83dc8-e1ae-ddae-abeb-4a127d89acfd","Update openssl_for_linux","Low","Unhealthy",,,"Vulnerability","Vulnerabilities","SoftwareUpdate",,,"/subscriptions/1acecba7-23bd-4d4d-9770-0b11998514dc/resourceGroups/RG-INVENTORY-DEMO/providers/Microsoft.Compute/virtualMachines/vm-demo-app-01","vm-demo-app-01","Microsoft.Compute/virtualMachines","RG-INVENTORY-DEMO","/subscriptions/1acecba7-23bd-4d4d-9770-0b11998514dc/resourceGroups/RG-INVENTORY-DEMO/providers/Microsoft.Compute/virtualMachines/vm-demo-app-01/providers/Microsoft.Security/assessments/1ff83dc8-e1ae-ddae-abeb-4a127d89acfd"
"4f98d320-1618-7c02-9f37-a12c69c57961","Update libudev1_for_linux","Medium","Unhealthy",,,"Vulnerability","Vulnerabilities","SoftwareUpdate",,,"/subscriptions/1acecba7-23bd-4d4d-9770-0b11998514dc/resourceGroups/RG-INVENTORY-DEMO/providers/Microsoft.Compute/virtualMachines/vm-demo-app-01","vm-demo-app-01","Microsoft.Compute/virtualMachines","RG-INVENTORY-DEMO","/subscriptions/1acecba7-23bd-4d4d-9770-0b11998514dc/resourceGroups/RG-INVENTORY-DEMO/providers/Microsoft.Compute/virtualMachines/vm-demo-app-01/providers/Microsoft.Security/assessments/4f98d320-1618-7c02-9f37-a12c69c57961"
"e41d2913-a3e0-a477-1468-c987f74e9881","Update libnss-systemd_for_linux","Medium","Unhealthy",,,"Vulnerability","Vulnerabilities","SoftwareUpdate",,,"/subscriptions/1acecba7-23bd-4d4d-9770-0b11998514dc/resourceGroups/RG-INVENTORY-DEMO/providers/Microsoft.Compute/virtualMachines/vm-demo-app-01","vm-demo-app-01","Microsoft.Compute/virtualMachines","RG-INVENTORY-DEMO","/subscriptions/1acecba7-23bd-4d4d-9770-0b11998514dc/resourceGroups/RG-INVENTORY-DEMO/providers/Microsoft.Compute/virtualMachines/vm-demo-app-01/providers/Microsoft.Security/assessments/e41d2913-a3e0-a477-1468-c987f74e9881"
"f2ff65b7-358b-2b0b-19ef-c67ffd05f0d2","Update systemd-resolved_for_linux","Medium","Unhealthy",,,"Vulnerability","Vulnerabilities","SoftwareUpdate",,,"/subscriptions/1acecba7-23bd-4d4d-9770-0b11998514dc/resourceGroups/RG-INVENTORY-DEMO/providers/Microsoft.Compute/virtualMachines/vm-demo-app-01","vm-demo-app-01","Microsoft.Compute/virtualMachines","RG-INVENTORY-DEMO","/subscriptions/1acecba7-23bd-4d4d-9770-0b11998514dc/resourceGroups/RG-INVENTORY-DEMO/providers/Microsoft.Compute/virtualMachines/vm-demo-app-01/providers/Microsoft.Security/assessments/f2ff65b7-358b-2b0b-19ef-c67ffd05f0d2"
"0bbc261e-0cda-4d27-25d8-6f48031f78bb","Update libsystemd0_for_linux","Medium","Unhealthy",,,"Vulnerability","Vulnerabilities","SoftwareUpdate",,,"/subscriptions/1acecba7-23bd-4d4d-9770-0b11998514dc/resourceGroups/RG-INVENTORY-DEMO/providers/Microsoft.Compute/virtualMachines/vm-demo-app-01","vm-demo-app-01","Microsoft.Compute/virtualMachines","RG-INVENTORY-DEMO","/subscriptions/1acecba7-23bd-4d4d-9770-0b11998514dc/resourceGroups/RG-INVENTORY-DEMO/providers/Microsoft.Compute/virtualMachines/vm-demo-app-01/providers/Microsoft.Security/assessments/0bbc261e-0cda-4d27-25d8-6f48031f78bb"
"2138c8d4-da80-f0da-8349-6b76bf9a5bff","Update xxd_for_linux","High","Unhealthy",,,"Vulnerability","Vulnerabilities","SoftwareUpdate",,,"/subscriptions/1acecba7-23bd-4d4d-9770-0b11998514dc/resourceGroups/RG-INVENTORY-DEMO/providers/Microsoft.Compute/virtualMachines/vm-demo-app-01","vm-demo-app-01","Microsoft.Compute/virtualMachines","RG-INVENTORY-DEMO","/subscriptions/1acecba7-23bd-4d4d-9770-0b11998514dc/resourceGroups/RG-INVENTORY-DEMO/providers/Microsoft.Compute/virtualMachines/vm-demo-app-01/providers/Microsoft.Security/assessments/2138c8d4-da80-f0da-8349-6b76bf9a5bff"
"771a1d46-b6e9-3335-c85f-25f48eb55e89","Update libssl3t64_for_linux","Low","Unhealthy",,,"Vulnerability","Vulnerabilities","SoftwareUpdate",,,"/subscriptions/1acecba7-23bd-4d4d-9770-0b11998514dc/resourceGroups/RG-INVENTORY-DEMO/providers/Microsoft.Compute/virtualMachines/vm-demo-app-01","vm-demo-app-01","Microsoft.Compute/virtualMachines","RG-INVENTORY-DEMO","/subscriptions/1acecba7-23bd-4d4d-9770-0b11998514dc/resourceGroups/RG-INVENTORY-DEMO/providers/Microsoft.Compute/virtualMachines/vm-demo-app-01/providers/Microsoft.Security/assessments/771a1d46-b6e9-3335-c85f-25f48eb55e89"
"f441c515-342c-8c7a-3d14-77fedfb8df60","Update tar_for_linux","High","Unhealthy",,,"Vulnerability","Vulnerabilities","SoftwareUpdate",,,"/subscriptions/1acecba7-23bd-4d4d-9770-0b11998514dc/resourceGroups/RG-INVENTORY-DEMO/providers/Microsoft.Compute/virtualMachines/vm-demo-app-01","vm-demo-app-01","Microsoft.Compute/virtualMachines","RG-INVENTORY-DEMO","/subscriptions/1acecba7-23bd-4d4d-9770-0b11998514dc/resourceGroups/RG-INVENTORY-DEMO/providers/Microsoft.Compute/virtualMachines/vm-demo-app-01/providers/Microsoft.Security/assessments/f441c515-342c-8c7a-3d14-77fedfb8df60"
"ec3f812f-3b49-eb8f-3144-a6d80a6eaa1c","Update vim_for_linux","Medium","Unhealthy",,,"Vulnerability","Vulnerabilities","SoftwareUpdate",,,"/subscriptions/1acecba7-23bd-4d4d-9770-0b11998514dc/resourceGroups/RG-INVENTORY-DEMO/providers/Microsoft.Compute/virtualMachines/vm-demo-app-01","vm-demo-app-01","Microsoft.Compute/virtualMachines","RG-INVENTORY-DEMO","/subscriptions/1acecba7-23bd-4d4d-9770-0b11998514dc/resourceGroups/RG-INVENTORY-DEMO/providers/Microsoft.Compute/virtualMachines/vm-demo-app-01/providers/Microsoft.Security/assessments/ec3f812f-3b49-eb8f-3144-a6d80a6eaa1c"
"83fe5c99-f0a9-bff8-8abb-dcd77a292f0e","Update libpam-systemd_for_linux","Medium","Unhealthy",,,"Vulnerability","Vulnerabilities","SoftwareUpdate",,,"/subscriptions/1acecba7-23bd-4d4d-9770-0b11998514dc/resourceGroups/RG-INVENTORY-DEMO/providers/Microsoft.Compute/virtualMachines/vm-demo-web-01","vm-demo-web-01","Microsoft.Compute/virtualMachines","RG-INVENTORY-DEMO","/subscriptions/1acecba7-23bd-4d4d-9770-0b11998514dc/resourceGroups/RG-INVENTORY-DEMO/providers/Microsoft.Compute/virtualMachines/vm-demo-web-01/providers/Microsoft.Security/assessments/83fe5c99-f0a9-bff8-8abb-dcd77a292f0e"
"0bbc261e-0cda-4d27-25d8-6f48031f78bb","Update libsystemd0_for_linux","Medium","Unhealthy",,,"Vulnerability","Vulnerabilities","SoftwareUpdate",,,"/subscriptions/1acecba7-23bd-4d4d-9770-0b11998514dc/resourceGroups/RG-INVENTORY-DEMO/providers/Microsoft.Compute/virtualMachines/vm-demo-web-01","vm-demo-web-01","Microsoft.Compute/virtualMachines","RG-INVENTORY-DEMO","/subscriptions/1acecba7-23bd-4d4d-9770-0b11998514dc/resourceGroups/RG-INVENTORY-DEMO/providers/Microsoft.Compute/virtualMachines/vm-demo-web-01/providers/Microsoft.Security/assessments/0bbc261e-0cda-4d27-25d8-6f48031f78bb"
"e41d2913-a3e0-a477-1468-c987f74e9881","Update libnss-systemd_for_linux","Medium","Unhealthy",,,"Vulnerability","Vulnerabilities","SoftwareUpdate",,,"/subscriptions/1acecba7-23bd-4d4d-9770-0b11998514dc/resourceGroups/RG-INVENTORY-DEMO/providers/Microsoft.Compute/virtualMachines/vm-demo-web-01","vm-demo-web-01","Microsoft.Compute/virtualMachines","RG-INVENTORY-DEMO","/subscriptions/1acecba7-23bd-4d4d-9770-0b11998514dc/resourceGroups/RG-INVENTORY-DEMO/providers/Microsoft.Compute/virtualMachines/vm-demo-web-01/providers/Microsoft.Security/assessments/e41d2913-a3e0-a477-1468-c987f74e9881"
"666d6810-b6b9-88cd-7c10-d294a39c9928","Update libxml2_for_linux","High","Unhealthy",,,"Vulnerability","Vulnerabilities","SoftwareUpdate",,,"/subscriptions/1acecba7-23bd-4d4d-9770-0b11998514dc/resourceGroups/RG-INVENTORY-DEMO/providers/Microsoft.Compute/virtualMachines/vm-demo-web-01","vm-demo-web-01","Microsoft.Compute/virtualMachines","RG-INVENTORY-DEMO","/subscriptions/1acecba7-23bd-4d4d-9770-0b11998514dc/resourceGroups/RG-INVENTORY-DEMO/providers/Microsoft.Compute/virtualMachines/vm-demo-web-01/providers/Microsoft.Security/assessments/666d6810-b6b9-88cd-7c10-d294a39c9928"
"24cff57a-6191-a04e-dc6f-457d299851d8","Update telnet_for_linux","High","Unhealthy",,,"Vulnerability","Vulnerabilities","SoftwareUpdate",,,"/subscriptions/1acecba7-23bd-4d4d-9770-0b11998514dc/resourceGroups/RG-INVENTORY-DEMO/providers/Microsoft.Compute/virtualMachines/vm-demo-web-01","vm-demo-web-01","Microsoft.Compute/virtualMachines","RG-INVENTORY-DEMO","/subscriptions/1acecba7-23bd-4d4d-9770-0b11998514dc/resourceGroups/RG-INVENTORY-DEMO/providers/Microsoft.Compute/virtualMachines/vm-demo-web-01/providers/Microsoft.Security/assessments/24cff57a-6191-a04e-dc6f-457d299851d8"
"2138c8d4-da80-f0da-8349-6b76bf9a5bff","Update xxd_for_linux","High","Unhealthy",,,"Vulnerability","Vulnerabilities","SoftwareUpdate",,,"/subscriptions/1acecba7-23bd-4d4d-9770-0b11998514dc/resourceGroups/RG-INVENTORY-DEMO/providers/Microsoft.Compute/virtualMachines/vm-demo-web-01","vm-demo-web-01","Microsoft.Compute/virtualMachines","RG-INVENTORY-DEMO","/subscriptions/1acecba7-23bd-4d4d-9770-0b11998514dc/resourceGroups/RG-INVENTORY-DEMO/providers/Microsoft.Compute/virtualMachines/vm-demo-web-01/providers/Microsoft.Security/assessments/2138c8d4-da80-f0da-8349-6b76bf9a5bff"
"f2ff65b7-358b-2b0b-19ef-c67ffd05f0d2","Update systemd-resolved_for_linux","Medium","Unhealthy",,,"Vulnerability","Vulnerabilities","SoftwareUpdate",,,"/subscriptions/1acecba7-23bd-4d4d-9770-0b11998514dc/resourceGroups/RG-INVENTORY-DEMO/providers/Microsoft.Compute/virtualMachines/vm-demo-web-01","vm-demo-web-01","Microsoft.Compute/virtualMachines","RG-INVENTORY-DEMO","/subscriptions/1acecba7-23bd-4d4d-9770-0b11998514dc/resourceGroups/RG-INVENTORY-DEMO/providers/Microsoft.Compute/virtualMachines/vm-demo-web-01/providers/Microsoft.Security/assessments/f2ff65b7-358b-2b0b-19ef-c67ffd05f0d2"
"dfe6c0bc-8ac0-a5a9-544f-b0ceebb1aedc","Update vim-runtime_for_linux","High","Unhealthy",,,"Vulnerability","Vulnerabilities","SoftwareUpdate",,,"/subscriptions/1acecba7-23bd-4d4d-9770-0b11998514dc/resourceGroups/RG-INVENTORY-DEMO/providers/Microsoft.Compute/virtualMachines/vm-demo-web-01","vm-demo-web-01","Microsoft.Compute/virtualMachines","RG-INVENTORY-DEMO","/subscriptions/1acecba7-23bd-4d4d-9770-0b11998514dc/resourceGroups/RG-INVENTORY-DEMO/providers/Microsoft.Compute/virtualMachines/vm-demo-web-01/providers/Microsoft.Security/assessments/dfe6c0bc-8ac0-a5a9-544f-b0ceebb1aedc"
"4f98d320-1618-7c02-9f37-a12c69c57961","Update libudev1_for_linux","Medium","Unhealthy",,,"Vulnerability","Vulnerabilities","SoftwareUpdate",,,"/subscriptions/1acecba7-23bd-4d4d-9770-0b11998514dc/resourceGroups/RG-INVENTORY-DEMO/providers/Microsoft.Compute/virtualMachines/vm-demo-web-01","vm-demo-web-01","Microsoft.Compute/virtualMachines","RG-INVENTORY-DEMO","/subscriptions/1acecba7-23bd-4d4d-9770-0b11998514dc/resourceGroups/RG-INVENTORY-DEMO/providers/Microsoft.Compute/virtualMachines/vm-demo-web-01/providers/Microsoft.Security/assessments/4f98d320-1618-7c02-9f37-a12c69c57961"
"f441c515-342c-8c7a-3d14-77fedfb8df60","Update tar_for_linux","High","Unhealthy",,,"Vulnerability","Vulnerabilities","SoftwareUpdate",,,"/subscriptions/1acecba7-23bd-4d4d-9770-0b11998514dc/resourceGroups/RG-INVENTORY-DEMO/providers/Microsoft.Compute/virtualMachines/vm-demo-web-01","vm-demo-web-01","Microsoft.Compute/virtualMachines","RG-INVENTORY-DEMO","/subscriptions/1acecba7-23bd-4d4d-9770-0b11998514dc/resourceGroups/RG-INVENTORY-DEMO/providers/Microsoft.Compute/virtualMachines/vm-demo-web-01/providers/Microsoft.Security/assessments/f441c515-342c-8c7a-3d14-77fedfb8df60"
"cc236e65-c4b8-4e4a-a284-2d1965badacf","Update vim-tiny_for_linux","High","Unhealthy",,,"Vulnerability","Vulnerabilities","SoftwareUpdate",,,"/subscriptions/1acecba7-23bd-4d4d-9770-0b11998514dc/resourceGroups/RG-INVENTORY-DEMO/providers/Microsoft.Compute/virtualMachines/vm-demo-web-01","vm-demo-web-01","Microsoft.Compute/virtualMachines","RG-INVENTORY-DEMO","/subscriptions/1acecba7-23bd-4d4d-9770-0b11998514dc/resourceGroups/RG-INVENTORY-DEMO/providers/Microsoft.Compute/virtualMachines/vm-demo-web-01/providers/Microsoft.Security/assessments/cc236e65-c4b8-4e4a-a284-2d1965badacf"
"796079e2-8db1-ee46-c964-a16e1351b935","Update linux-image-generic_for_linux","Medium","Unhealthy",,,"Vulnerability","Vulnerabilities","SoftwareUpdate",,,"/subscriptions/1acecba7-23bd-4d4d-9770-0b11998514dc/resourceGroups/RG-INVENTORY-DEMO/providers/Microsoft.Compute/virtualMachines/vm-demo-web-01","vm-demo-web-01","Microsoft.Compute/virtualMachines","RG-INVENTORY-DEMO","/subscriptions/1acecba7-23bd-4d4d-9770-0b11998514dc/resourceGroups/RG-INVENTORY-DEMO/providers/Microsoft.Compute/virtualMachines/vm-demo-web-01/providers/Microsoft.Security/assessments/796079e2-8db1-ee46-c964-a16e1351b935"
"53fd08c6-ed4e-99bf-09b4-918085ebe41f","Update systemd-dev_for_linux","Medium","Unhealthy",,,"Vulnerability","Vulnerabilities","SoftwareUpdate",,,"/subscriptions/1acecba7-23bd-4d4d-9770-0b11998514dc/resourceGroups/RG-INVENTORY-DEMO/providers/Microsoft.Compute/virtualMachines/vm-demo-web-01","vm-demo-web-01","Microsoft.Compute/virtualMachines","RG-INVENTORY-DEMO","/subscriptions/1acecba7-23bd-4d4d-9770-0b11998514dc/resourceGroups/RG-INVENTORY-DEMO/providers/Microsoft.Compute/virtualMachines/vm-demo-web-01/providers/Microsoft.Security/assessments/53fd08c6-ed4e-99bf-09b4-918085ebe41f"
"771a1d46-b6e9-3335-c85f-25f48eb55e89","Update libssl3t64_for_linux","Low","Unhealthy",,,"Vulnerability","Vulnerabilities","SoftwareUpdate",,,"/subscriptions/1acecba7-23bd-4d4d-9770-0b11998514dc/resourceGroups/RG-INVENTORY-DEMO/providers/Microsoft.Compute/virtualMachines/vm-demo-web-01","vm-demo-web-01","Microsoft.Compute/virtualMachines","RG-INVENTORY-DEMO","/subscriptions/1acecba7-23bd-4d4d-9770-0b11998514dc/resourceGroups/RG-INVENTORY-DEMO/providers/Microsoft.Compute/virtualMachines/vm-demo-web-01/providers/Microsoft.Security/assessments/771a1d46-b6e9-3335-c85f-25f48eb55e89"
"ec3f812f-3b49-eb8f-3144-a6d80a6eaa1c","Update vim_for_linux","Medium","Unhealthy",,,"Vulnerability","Vulnerabilities","SoftwareUpdate",,,"/subscriptions/1acecba7-23bd-4d4d-9770-0b11998514dc/resourceGroups/RG-INVENTORY-DEMO/providers/Microsoft.Compute/virtualMachines/vm-demo-web-01","vm-demo-web-01","Microsoft.Compute/virtualMachines","RG-INVENTORY-DEMO","/subscriptions/1acecba7-23bd-4d4d-9770-0b11998514dc/resourceGroups/RG-INVENTORY-DEMO/providers/Microsoft.Compute/virtualMachines/vm-demo-web-01/providers/Microsoft.Security/assessments/ec3f812f-3b49-eb8f-3144-a6d80a6eaa1c"
"9c87e44b-3112-810f-1cbc-a0e4542e91cc","Update udev_for_linux","Medium","Unhealthy",,,"Vulnerability","Vulnerabilities","SoftwareUpdate",,,"/subscriptions/1acecba7-23bd-4d4d-9770-0b11998514dc/resourceGroups/RG-INVENTORY-DEMO/providers/Microsoft.Compute/virtualMachines/vm-demo-web-01","vm-demo-web-01","Microsoft.Compute/virtualMachines","RG-INVENTORY-DEMO","/subscriptions/1acecba7-23bd-4d4d-9770-0b11998514dc/resourceGroups/RG-INVENTORY-DEMO/providers/Microsoft.Compute/virtualMachines/vm-demo-web-01/providers/Microsoft.Security/assessments/9c87e44b-3112-810f-1cbc-a0e4542e91cc"
"64056b21-d2b8-1280-6b20-ff6e2cb29d3c","Update inetutils-telnet_for_linux","High","Unhealthy",,,"Vulnerability","Vulnerabilities","SoftwareUpdate",,,"/subscriptions/1acecba7-23bd-4d4d-9770-0b11998514dc/resourceGroups/RG-INVENTORY-DEMO/providers/Microsoft.Compute/virtualMachines/vm-demo-web-01","vm-demo-web-01","Microsoft.Compute/virtualMachines","RG-INVENTORY-DEMO","/subscriptions/1acecba7-23bd-4d4d-9770-0b11998514dc/resourceGroups/RG-INVENTORY-DEMO/providers/Microsoft.Compute/virtualMachines/vm-demo-web-01/providers/Microsoft.Security/assessments/64056b21-d2b8-1280-6b20-ff6e2cb29d3c"
"f2c4c27a-5d2d-efe6-2999-55f491094c3e","Update systemd-sysv_for_linux","Medium","Unhealthy",,,"Vulnerability","Vulnerabilities","SoftwareUpdate",,,"/subscriptions/1acecba7-23bd-4d4d-9770-0b11998514dc/resourceGroups/RG-INVENTORY-DEMO/providers/Microsoft.Compute/virtualMachines/vm-demo-web-01","vm-demo-web-01","Microsoft.Compute/virtualMachines","RG-INVENTORY-DEMO","/subscriptions/1acecba7-23bd-4d4d-9770-0b11998514dc/resourceGroups/RG-INVENTORY-DEMO/providers/Microsoft.Compute/virtualMachines/vm-demo-web-01/providers/Microsoft.Security/assessments/f2c4c27a-5d2d-efe6-2999-55f491094c3e"
"1ff83dc8-e1ae-ddae-abeb-4a127d89acfd","Update openssl_for_linux","Low","Unhealthy",,,"Vulnerability","Vulnerabilities","SoftwareUpdate",,,"/subscriptions/1acecba7-23bd-4d4d-9770-0b11998514dc/resourceGroups/RG-INVENTORY-DEMO/providers/Microsoft.Compute/virtualMachines/vm-demo-web-01","vm-demo-web-01","Microsoft.Compute/virtualMachines","RG-INVENTORY-DEMO","/subscriptions/1acecba7-23bd-4d4d-9770-0b11998514dc/resourceGroups/RG-INVENTORY-DEMO/providers/Microsoft.Compute/virtualMachines/vm-demo-web-01/providers/Microsoft.Security/assessments/1ff83dc8-e1ae-ddae-abeb-4a127d89acfd"
"36fc4c8b-6f83-2286-bd18-a8dee06246cc","Update libsystemd-shared_for_linux","Medium","Unhealthy",,,"Vulnerability","Vulnerabilities","SoftwareUpdate",,,"/subscriptions/1acecba7-23bd-4d4d-9770-0b11998514dc/resourceGroups/RG-INVENTORY-DEMO/providers/Microsoft.Compute/virtualMachines/vm-demo-web-01","vm-demo-web-01","Microsoft.Compute/virtualMachines","RG-INVENTORY-DEMO","/subscriptions/1acecba7-23bd-4d4d-9770-0b11998514dc/resourceGroups/RG-INVENTORY-DEMO/providers/Microsoft.Compute/virtualMachines/vm-demo-web-01/providers/Microsoft.Security/assessments/36fc4c8b-6f83-2286-bd18-a8dee06246cc"
"2196a0b5-a34a-8628-d4a7-c773f9bb89a1","Update systemd_for_linux","Medium","Unhealthy",,,"Vulnerability","Vulnerabilities","SoftwareUpdate",,,"/subscriptions/1acecba7-23bd-4d4d-9770-0b11998514dc/resourceGroups/RG-INVENTORY-DEMO/providers/Microsoft.Compute/virtualMachines/vm-demo-web-01","vm-demo-web-01","Microsoft.Compute/virtualMachines","RG-INVENTORY-DEMO","/subscriptions/1acecba7-23bd-4d4d-9770-0b11998514dc/resourceGroups/RG-INVENTORY-DEMO/providers/Microsoft.Compute/virtualMachines/vm-demo-web-01/providers/Microsoft.Security/assessments/2196a0b5-a34a-8628-d4a7-c773f9bb89a1"
"502d04f7-af1d-8294-4576-cb662a7c8343","Update vim-common_for_linux","High","Unhealthy",,,"Vulnerability","Vulnerabilities","SoftwareUpdate",,,"/subscriptions/1acecba7-23bd-4d4d-9770-0b11998514dc/resourceGroups/RG-INVENTORY-DEMO/providers/Microsoft.Compute/virtualMachines/vm-demo-web-01","vm-demo-web-01","Microsoft.Compute/virtualMachines","RG-INVENTORY-DEMO","/subscriptions/1acecba7-23bd-4d4d-9770-0b11998514dc/resourceGroups/RG-INVENTORY-DEMO/providers/Microsoft.Compute/virtualMachines/vm-demo-web-01/providers/Microsoft.Security/assessments/502d04f7-af1d-8294-4576-cb662a7c8343"
"796079e2-8db1-ee46-c964-a16e1351b935","Update linux-image-generic_for_linux","Medium","Unhealthy",,,"Vulnerability","Vulnerabilities","SoftwareUpdate",,,"/subscriptions/1acecba7-23bd-4d4d-9770-0b11998514dc/resourceGroups/RG-INVENTORY-DEMO/providers/Microsoft.Compute/virtualMachines/vm-demo-db-01","vm-demo-db-01","Microsoft.Compute/virtualMachines","RG-INVENTORY-DEMO","/subscriptions/1acecba7-23bd-4d4d-9770-0b11998514dc/resourceGroups/RG-INVENTORY-DEMO/providers/Microsoft.Compute/virtualMachines/vm-demo-db-01/providers/Microsoft.Security/assessments/796079e2-8db1-ee46-c964-a16e1351b935"
"dfe6c0bc-8ac0-a5a9-544f-b0ceebb1aedc","Update vim-runtime_for_linux","High","Unhealthy",,,"Vulnerability","Vulnerabilities","SoftwareUpdate",,,"/subscriptions/1acecba7-23bd-4d4d-9770-0b11998514dc/resourceGroups/RG-INVENTORY-DEMO/providers/Microsoft.Compute/virtualMachines/vm-demo-db-01","vm-demo-db-01","Microsoft.Compute/virtualMachines","RG-INVENTORY-DEMO","/subscriptions/1acecba7-23bd-4d4d-9770-0b11998514dc/resourceGroups/RG-INVENTORY-DEMO/providers/Microsoft.Compute/virtualMachines/vm-demo-db-01/providers/Microsoft.Security/assessments/dfe6c0bc-8ac0-a5a9-544f-b0ceebb1aedc"
"53fd08c6-ed4e-99bf-09b4-918085ebe41f","Update systemd-dev_for_linux","Medium","Unhealthy",,,"Vulnerability","Vulnerabilities","SoftwareUpdate",,,"/subscriptions/1acecba7-23bd-4d4d-9770-0b11998514dc/resourceGroups/RG-INVENTORY-DEMO/providers/Microsoft.Compute/virtualMachines/vm-demo-db-01","vm-demo-db-01","Microsoft.Compute/virtualMachines","RG-INVENTORY-DEMO","/subscriptions/1acecba7-23bd-4d4d-9770-0b11998514dc/resourceGroups/RG-INVENTORY-DEMO/providers/Microsoft.Compute/virtualMachines/vm-demo-db-01/providers/Microsoft.Security/assessments/53fd08c6-ed4e-99bf-09b4-918085ebe41f"
"4f98d320-1618-7c02-9f37-a12c69c57961","Update libudev1_for_linux","Medium","Unhealthy",,,"Vulnerability","Vulnerabilities","SoftwareUpdate",,,"/subscriptions/1acecba7-23bd-4d4d-9770-0b11998514dc/resourceGroups/RG-INVENTORY-DEMO/providers/Microsoft.Compute/virtualMachines/vm-demo-db-01","vm-demo-db-01","Microsoft.Compute/virtualMachines","RG-INVENTORY-DEMO","/subscriptions/1acecba7-23bd-4d4d-9770-0b11998514dc/resourceGroups/RG-INVENTORY-DEMO/providers/Microsoft.Compute/virtualMachines/vm-demo-db-01/providers/Microsoft.Security/assessments/4f98d320-1618-7c02-9f37-a12c69c57961"
"64056b21-d2b8-1280-6b20-ff6e2cb29d3c","Update inetutils-telnet_for_linux","High","Unhealthy",,,"Vulnerability","Vulnerabilities","SoftwareUpdate",,,"/subscriptions/1acecba7-23bd-4d4d-9770-0b11998514dc/resourceGroups/RG-INVENTORY-DEMO/providers/Microsoft.Compute/virtualMachines/vm-demo-db-01","vm-demo-db-01","Microsoft.Compute/virtualMachines","RG-INVENTORY-DEMO","/subscriptions/1acecba7-23bd-4d4d-9770-0b11998514dc/resourceGroups/RG-INVENTORY-DEMO/providers/Microsoft.Compute/virtualMachines/vm-demo-db-01/providers/Microsoft.Security/assessments/64056b21-d2b8-1280-6b20-ff6e2cb29d3c"
"1ff83dc8-e1ae-ddae-abeb-4a127d89acfd","Update openssl_for_linux","Low","Unhealthy",,,"Vulnerability","Vulnerabilities","SoftwareUpdate",,,"/subscriptions/1acecba7-23bd-4d4d-9770-0b11998514dc/resourceGroups/RG-INVENTORY-DEMO/providers/Microsoft.Compute/virtualMachines/vm-demo-db-01","vm-demo-db-01","Microsoft.Compute/virtualMachines","RG-INVENTORY-DEMO","/subscriptions/1acecba7-23bd-4d4d-9770-0b11998514dc/resourceGroups/RG-INVENTORY-DEMO/providers/Microsoft.Compute/virtualMachines/vm-demo-db-01/providers/Microsoft.Security/assessments/1ff83dc8-e1ae-ddae-abeb-4a127d89acfd"
"36fc4c8b-6f83-2286-bd18-a8dee06246cc","Update libsystemd-shared_for_linux","Medium","Unhealthy",,,"Vulnerability","Vulnerabilities","SoftwareUpdate",,,"/subscriptions/1acecba7-23bd-4d4d-9770-0b11998514dc/resourceGroups/RG-INVENTORY-DEMO/providers/Microsoft.Compute/virtualMachines/vm-demo-db-01","vm-demo-db-01","Microsoft.Compute/virtualMachines","RG-INVENTORY-DEMO","/subscriptions/1acecba7-23bd-4d4d-9770-0b11998514dc/resourceGroups/RG-INVENTORY-DEMO/providers/Microsoft.Compute/virtualMachines/vm-demo-db-01/providers/Microsoft.Security/assessments/36fc4c8b-6f83-2286-bd18-a8dee06246cc"
"666d6810-b6b9-88cd-7c10-d294a39c9928","Update libxml2_for_linux","High","Unhealthy",,,"Vulnerability","Vulnerabilities","SoftwareUpdate",,,"/subscriptions/1acecba7-23bd-4d4d-9770-0b11998514dc/resourceGroups/RG-INVENTORY-DEMO/providers/Microsoft.Compute/virtualMachines/vm-demo-db-01","vm-demo-db-01","Microsoft.Compute/virtualMachines","RG-INVENTORY-DEMO","/subscriptions/1acecba7-23bd-4d4d-9770-0b11998514dc/resourceGroups/RG-INVENTORY-DEMO/providers/Microsoft.Compute/virtualMachines/vm-demo-db-01/providers/Microsoft.Security/assessments/666d6810-b6b9-88cd-7c10-d294a39c9928"
"f2c4c27a-5d2d-efe6-2999-55f491094c3e","Update systemd-sysv_for_linux","Medium","Unhealthy",,,"Vulnerability","Vulnerabilities","SoftwareUpdate",,,"/subscriptions/1acecba7-23bd-4d4d-9770-0b11998514dc/resourceGroups/RG-INVENTORY-DEMO/providers/Microsoft.Compute/virtualMachines/vm-demo-db-01","vm-demo-db-01","Microsoft.Compute/virtualMachines","RG-INVENTORY-DEMO","/subscriptions/1acecba7-23bd-4d4d-9770-0b11998514dc/resourceGroups/RG-INVENTORY-DEMO/providers/Microsoft.Compute/virtualMachines/vm-demo-db-01/providers/Microsoft.Security/assessments/f2c4c27a-5d2d-efe6-2999-55f491094c3e"
"cc236e65-c4b8-4e4a-a284-2d1965badacf","Update vim-tiny_for_linux","High","Unhealthy",,,"Vulnerability","Vulnerabilities","SoftwareUpdate",,,"/subscriptions/1acecba7-23bd-4d4d-9770-0b11998514dc/resourceGroups/RG-INVENTORY-DEMO/providers/Microsoft.Compute/virtualMachines/vm-demo-db-01","vm-demo-db-01","Microsoft.Compute/virtualMachines","RG-INVENTORY-DEMO","/subscriptions/1acecba7-23bd-4d4d-9770-0b11998514dc/resourceGroups/RG-INVENTORY-DEMO/providers/Microsoft.Compute/virtualMachines/vm-demo-db-01/providers/Microsoft.Security/assessments/cc236e65-c4b8-4e4a-a284-2d1965badacf"
"e41d2913-a3e0-a477-1468-c987f74e9881","Update libnss-systemd_for_linux","Medium","Unhealthy",,,"Vulnerability","Vulnerabilities","SoftwareUpdate",,,"/subscriptions/1acecba7-23bd-4d4d-9770-0b11998514dc/resourceGroups/RG-INVENTORY-DEMO/providers/Microsoft.Compute/virtualMachines/vm-demo-db-01","vm-demo-db-01","Microsoft.Compute/virtualMachines","RG-INVENTORY-DEMO","/subscriptions/1acecba7-23bd-4d4d-9770-0b11998514dc/resourceGroups/RG-INVENTORY-DEMO/providers/Microsoft.Compute/virtualMachines/vm-demo-db-01/providers/Microsoft.Security/assessments/e41d2913-a3e0-a477-1468-c987f74e9881"
"f2ff65b7-358b-2b0b-19ef-c67ffd05f0d2","Update systemd-resolved_for_linux","Medium","Unhealthy",,,"Vulnerability","Vulnerabilities","SoftwareUpdate",,,"/subscriptions/1acecba7-23bd-4d4d-9770-0b11998514dc/resourceGroups/RG-INVENTORY-DEMO/providers/Microsoft.Compute/virtualMachines/vm-demo-db-01","vm-demo-db-01","Microsoft.Compute/virtualMachines","RG-INVENTORY-DEMO","/subscriptions/1acecba7-23bd-4d4d-9770-0b11998514dc/resourceGroups/RG-INVENTORY-DEMO/providers/Microsoft.Compute/virtualMachines/vm-demo-db-01/providers/Microsoft.Security/assessments/f2ff65b7-358b-2b0b-19ef-c67ffd05f0d2"
"2196a0b5-a34a-8628-d4a7-c773f9bb89a1","Update systemd_for_linux","Medium","Unhealthy",,,"Vulnerability","Vulnerabilities","SoftwareUpdate",,,"/subscriptions/1acecba7-23bd-4d4d-9770-0b11998514dc/resourceGroups/RG-INVENTORY-DEMO/providers/Microsoft.Compute/virtualMachines/vm-demo-db-01","vm-demo-db-01","Microsoft.Compute/virtualMachines","RG-INVENTORY-DEMO","/subscriptions/1acecba7-23bd-4d4d-9770-0b11998514dc/resourceGroups/RG-INVENTORY-DEMO/providers/Microsoft.Compute/virtualMachines/vm-demo-db-01/providers/Microsoft.Security/assessments/2196a0b5-a34a-8628-d4a7-c773f9bb89a1"
"502d04f7-af1d-8294-4576-cb662a7c8343","Update vim-common_for_linux","High","Unhealthy",,,"Vulnerability","Vulnerabilities","SoftwareUpdate",,,"/subscriptions/1acecba7-23bd-4d4d-9770-0b11998514dc/resourceGroups/RG-INVENTORY-DEMO/providers/Microsoft.Compute/virtualMachines/vm-demo-db-01","vm-demo-db-01","Microsoft.Compute/virtualMachines","RG-INVENTORY-DEMO","/subscriptions/1acecba7-23bd-4d4d-9770-0b11998514dc/resourceGroups/RG-INVENTORY-DEMO/providers/Microsoft.Compute/virtualMachines/vm-demo-db-01/providers/Microsoft.Security/assessments/502d04f7-af1d-8294-4576-cb662a7c8343"
"2138c8d4-da80-f0da-8349-6b76bf9a5bff","Update xxd_for_linux","High","Unhealthy",,,"Vulnerability","Vulnerabilities","SoftwareUpdate",,,"/subscriptions/1acecba7-23bd-4d4d-9770-0b11998514dc/resourceGroups/RG-INVENTORY-DEMO/providers/Microsoft.Compute/virtualMachines/vm-demo-db-01","vm-demo-db-01","Microsoft.Compute/virtualMachines","RG-INVENTORY-DEMO","/subscriptions/1acecba7-23bd-4d4d-9770-0b11998514dc/resourceGroups/RG-INVENTORY-DEMO/providers/Microsoft.Compute/virtualMachines/vm-demo-db-01/providers/Microsoft.Security/assessments/2138c8d4-da80-f0da-8349-6b76bf9a5bff"
"83fe5c99-f0a9-bff8-8abb-dcd77a292f0e","Update libpam-systemd_for_linux","Medium","Unhealthy",,,"Vulnerability","Vulnerabilities","SoftwareUpdate",,,"/subscriptions/1acecba7-23bd-4d4d-9770-0b11998514dc/resourceGroups/RG-INVENTORY-DEMO/providers/Microsoft.Compute/virtualMachines/vm-demo-db-01","vm-demo-db-01","Microsoft.Compute/virtualMachines","RG-INVENTORY-DEMO","/subscriptions/1acecba7-23bd-4d4d-9770-0b11998514dc/resourceGroups/RG-INVENTORY-DEMO/providers/Microsoft.Compute/virtualMachines/vm-demo-db-01/providers/Microsoft.Security/assessments/83fe5c99-f0a9-bff8-8abb-dcd77a292f0e"
"771a1d46-b6e9-3335-c85f-25f48eb55e89","Update libssl3t64_for_linux","Low","Unhealthy",,,"Vulnerability","Vulnerabilities","SoftwareUpdate",,,"/subscriptions/1acecba7-23bd-4d4d-9770-0b11998514dc/resourceGroups/RG-INVENTORY-DEMO/providers/Microsoft.Compute/virtualMachines/vm-demo-db-01","vm-demo-db-01","Microsoft.Compute/virtualMachines","RG-INVENTORY-DEMO","/subscriptions/1acecba7-23bd-4d4d-9770-0b11998514dc/resourceGroups/RG-INVENTORY-DEMO/providers/Microsoft.Compute/virtualMachines/vm-demo-db-01/providers/Microsoft.Security/assessments/771a1d46-b6e9-3335-c85f-25f48eb55e89"
"f441c515-342c-8c7a-3d14-77fedfb8df60","Update tar_for_linux","High","Unhealthy",,,"Vulnerability","Vulnerabilities","SoftwareUpdate",,,"/subscriptions/1acecba7-23bd-4d4d-9770-0b11998514dc/resourceGroups/RG-INVENTORY-DEMO/providers/Microsoft.Compute/virtualMachines/vm-demo-db-01","vm-demo-db-01","Microsoft.Compute/virtualMachines","RG-INVENTORY-DEMO","/subscriptions/1acecba7-23bd-4d4d-9770-0b11998514dc/resourceGroups/RG-INVENTORY-DEMO/providers/Microsoft.Compute/virtualMachines/vm-demo-db-01/providers/Microsoft.Security/assessments/f441c515-342c-8c7a-3d14-77fedfb8df60"
"9c87e44b-3112-810f-1cbc-a0e4542e91cc","Update udev_for_linux","Medium","Unhealthy",,,"Vulnerability","Vulnerabilities","SoftwareUpdate",,,"/subscriptions/1acecba7-23bd-4d4d-9770-0b11998514dc/resourceGroups/RG-INVENTORY-DEMO/providers/Microsoft.Compute/virtualMachines/vm-demo-db-01","vm-demo-db-01","Microsoft.Compute/virtualMachines","RG-INVENTORY-DEMO","/subscriptions/1acecba7-23bd-4d4d-9770-0b11998514dc/resourceGroups/RG-INVENTORY-DEMO/providers/Microsoft.Compute/virtualMachines/vm-demo-db-01/providers/Microsoft.Security/assessments/9c87e44b-3112-810f-1cbc-a0e4542e91cc"
"ec3f812f-3b49-eb8f-3144-a6d80a6eaa1c","Update vim_for_linux","Medium","Unhealthy",,,"Vulnerability","Vulnerabilities","SoftwareUpdate",,,"/subscriptions/1acecba7-23bd-4d4d-9770-0b11998514dc/resourceGroups/RG-INVENTORY-DEMO/providers/Microsoft.Compute/virtualMachines/vm-demo-db-01","vm-demo-db-01","Microsoft.Compute/virtualMachines","RG-INVENTORY-DEMO","/subscriptions/1acecba7-23bd-4d4d-9770-0b11998514dc/resourceGroups/RG-INVENTORY-DEMO/providers/Microsoft.Compute/virtualMachines/vm-demo-db-01/providers/Microsoft.Security/assessments/ec3f812f-3b49-eb8f-3144-a6d80a6eaa1c"
"0bbc261e-0cda-4d27-25d8-6f48031f78bb","Update libsystemd0_for_linux","Medium","Unhealthy",,,"Vulnerability","Vulnerabilities","SoftwareUpdate",,,"/subscriptions/1acecba7-23bd-4d4d-9770-0b11998514dc/resourceGroups/RG-INVENTORY-DEMO/providers/Microsoft.Compute/virtualMachines/vm-demo-db-01","vm-demo-db-01","Microsoft.Compute/virtualMachines","RG-INVENTORY-DEMO","/subscriptions/1acecba7-23bd-4d4d-9770-0b11998514dc/resourceGroups/RG-INVENTORY-DEMO/providers/Microsoft.Compute/virtualMachines/vm-demo-db-01/providers/Microsoft.Security/assessments/0bbc261e-0cda-4d27-25d8-6f48031f78bb"
"24cff57a-6191-a04e-dc6f-457d299851d8","Update telnet_for_linux","High","Unhealthy",,,"Vulnerability","Vulnerabilities","SoftwareUpdate",,,"/subscriptions/1acecba7-23bd-4d4d-9770-0b11998514dc/resourceGroups/RG-INVENTORY-DEMO/providers/Microsoft.Compute/virtualMachines/vm-demo-db-01","vm-demo-db-01","Microsoft.Compute/virtualMachines","RG-INVENTORY-DEMO","/subscriptions/1acecba7-23bd-4d4d-9770-0b11998514dc/resourceGroups/RG-INVENTORY-DEMO/providers/Microsoft.Compute/virtualMachines/vm-demo-db-01/providers/Microsoft.Security/assessments/24cff57a-6191-a04e-dc6f-457d299851d8"
"c9c6686b-531d-c006-7dce-d20e28b553e5","Update libnss3_for_linux","Medium","Unhealthy",,,"Vulnerability","Vulnerabilities","SoftwareUpdate",,,"/subscriptions/1acecba7-23bd-4d4d-9770-0b11998514dc/resourceGroups/RG-INVENTORY-DEMO/providers/Microsoft.Compute/virtualMachines/vm-demo-mgmt-01","vm-demo-mgmt-01","Microsoft.Compute/virtualMachines","RG-INVENTORY-DEMO","/subscriptions/1acecba7-23bd-4d4d-9770-0b11998514dc/resourceGroups/RG-INVENTORY-DEMO/providers/Microsoft.Compute/virtualMachines/vm-demo-mgmt-01/providers/Microsoft.Security/assessments/c9c6686b-531d-c006-7dce-d20e28b553e5"
"af173089-8961-467f-5e21-9ca1b9a0a796","Update libsqlite3-0_for_linux","High","Unhealthy",,,"Vulnerability","Vulnerabilities","SoftwareUpdate",,,"/subscriptions/1acecba7-23bd-4d4d-9770-0b11998514dc/resourceGroups/RG-INVENTORY-DEMO/providers/Microsoft.Compute/virtualMachines/vm-demo-mgmt-01","vm-demo-mgmt-01","Microsoft.Compute/virtualMachines","RG-INVENTORY-DEMO","/subscriptions/1acecba7-23bd-4d4d-9770-0b11998514dc/resourceGroups/RG-INVENTORY-DEMO/providers/Microsoft.Compute/virtualMachines/vm-demo-mgmt-01/providers/Microsoft.Security/assessments/af173089-8961-467f-5e21-9ca1b9a0a796"
"e0726efe-3996-0eba-0770-aca6a81d0050","Update libnss3","Medium","Unhealthy",,,"BestPractices","Misconfigurations","SystemUpdate",,,"/subscriptions/1acecba7-23bd-4d4d-9770-0b11998514dc/resourceGroups/rg-pw-ops-dev-jpe-27161/providers/Microsoft.Compute/virtualMachines/vm-pw-ops-dev-jpw-27161","vm-pw-ops-dev-jpw-27161","Microsoft.Compute/virtualMachines","rg-pw-ops-dev-jpe-27161","/subscriptions/1acecba7-23bd-4d4d-9770-0b11998514dc/resourceGroups/rg-pw-ops-dev-jpe-27161/providers/Microsoft.Compute/virtualMachines/vm-pw-ops-dev-jpw-27161/providers/Microsoft.Security/assessments/e0726efe-3996-0eba-0770-aca6a81d0050"
"dc16ab7f-9910-cb1a-6f06-683834afddca","Update libsqlite3-0","Medium","Unhealthy",,,"BestPractices","Misconfigurations","SystemUpdate",,,"/subscriptions/1acecba7-23bd-4d4d-9770-0b11998514dc/resourceGroups/rg-pw-ops-dev-jpe-27161/providers/Microsoft.Compute/virtualMachines/vm-pw-ops-dev-jpw-27161","vm-pw-ops-dev-jpw-27161","Microsoft.Compute/virtualMachines","rg-pw-ops-dev-jpe-27161","/subscriptions/1acecba7-23bd-4d4d-9770-0b11998514dc/resourceGroups/rg-pw-ops-dev-jpe-27161/providers/Microsoft.Compute/virtualMachines/vm-pw-ops-dev-jpw-27161/providers/Microsoft.Security/assessments/dc16ab7f-9910-cb1a-6f06-683834afddca"
"20378074-1f1e-afe8-38d2-e5566490bc42","Update libxml2","Medium","Unhealthy",,,"BestPractices","Misconfigurations","SystemUpdate",,,"/subscriptions/1acecba7-23bd-4d4d-9770-0b11998514dc/resourceGroups/rg-pw-ops-dev-jpe-27161/providers/Microsoft.Compute/virtualMachines/vm-pw-ops-dev-jpw-27161","vm-pw-ops-dev-jpw-27161","Microsoft.Compute/virtualMachines","rg-pw-ops-dev-jpe-27161","/subscriptions/1acecba7-23bd-4d4d-9770-0b11998514dc/resourceGroups/rg-pw-ops-dev-jpe-27161/providers/Microsoft.Compute/virtualMachines/vm-pw-ops-dev-jpw-27161/providers/Microsoft.Security/assessments/20378074-1f1e-afe8-38d2-e5566490bc42"
"bf7055db-4661-464b-e2bd-e31ed61a7dc6","Update tar","Medium","Unhealthy",,,"BestPractices","Misconfigurations","SystemUpdate",,,"/subscriptions/1acecba7-23bd-4d4d-9770-0b11998514dc/resourceGroups/rg-pw-ops-dev-jpe-27161/providers/Microsoft.Compute/virtualMachines/vm-pw-ops-dev-jpw-27161","vm-pw-ops-dev-jpw-27161","Microsoft.Compute/virtualMachines","rg-pw-ops-dev-jpe-27161","/subscriptions/1acecba7-23bd-4d4d-9770-0b11998514dc/resourceGroups/rg-pw-ops-dev-jpe-27161/providers/Microsoft.Compute/virtualMachines/vm-pw-ops-dev-jpw-27161/providers/Microsoft.Security/assessments/bf7055db-4661-464b-e2bd-e31ed61a7dc6"
"861998f8-bb29-6f68-1dfc-3d1ac8b13506","Update vim","Medium","Unhealthy",,,"BestPractices","Misconfigurations","SystemUpdate",,,"/subscriptions/1acecba7-23bd-4d4d-9770-0b11998514dc/resourceGroups/rg-pw-ops-dev-jpe-27161/providers/Microsoft.Compute/virtualMachines/vm-pw-ops-dev-jpw-27161","vm-pw-ops-dev-jpw-27161","Microsoft.Compute/virtualMachines","rg-pw-ops-dev-jpe-27161","/subscriptions/1acecba7-23bd-4d4d-9770-0b11998514dc/resourceGroups/rg-pw-ops-dev-jpe-27161/providers/Microsoft.Compute/virtualMachines/vm-pw-ops-dev-jpw-27161/providers/Microsoft.Security/assessments/861998f8-bb29-6f68-1dfc-3d1ac8b13506"
"a99cb3a5-b419-4b4c-20de-11533d426fd3","Update vim-common","Medium","Unhealthy",,,"BestPractices","Misconfigurations","SystemUpdate",,,"/subscriptions/1acecba7-23bd-4d4d-9770-0b11998514dc/resourceGroups/rg-pw-ops-dev-jpe-27161/providers/Microsoft.Compute/virtualMachines/vm-pw-ops-dev-jpw-27161","vm-pw-ops-dev-jpw-27161","Microsoft.Compute/virtualMachines","rg-pw-ops-dev-jpe-27161","/subscriptions/1acecba7-23bd-4d4d-9770-0b11998514dc/resourceGroups/rg-pw-ops-dev-jpe-27161/providers/Microsoft.Compute/virtualMachines/vm-pw-ops-dev-jpw-27161/providers/Microsoft.Security/assessments/a99cb3a5-b419-4b4c-20de-11533d426fd3"
"5c96c924-e665-d622-32c1-3474bfa338f9","Update vim-runtime","Medium","Unhealthy",,,"BestPractices","Misconfigurations","SystemUpdate",,,"/subscriptions/1acecba7-23bd-4d4d-9770-0b11998514dc/resourceGroups/rg-pw-ops-dev-jpe-27161/providers/Microsoft.Compute/virtualMachines/vm-pw-ops-dev-jpw-27161","vm-pw-ops-dev-jpw-27161","Microsoft.Compute/virtualMachines","rg-pw-ops-dev-jpe-27161","/subscriptions/1acecba7-23bd-4d4d-9770-0b11998514dc/resourceGroups/rg-pw-ops-dev-jpe-27161/providers/Microsoft.Compute/virtualMachines/vm-pw-ops-dev-jpw-27161/providers/Microsoft.Security/assessments/5c96c924-e665-d622-32c1-3474bfa338f9"
"e29d370b-6387-5cd8-97a3-71e2626930e0","Update vim-tiny","Medium","Unhealthy",,,"BestPractices","Misconfigurations","SystemUpdate",,,"/subscriptions/1acecba7-23bd-4d4d-9770-0b11998514dc/resourceGroups/rg-pw-ops-dev-jpe-27161/providers/Microsoft.Compute/virtualMachines/vm-pw-ops-dev-jpw-27161","vm-pw-ops-dev-jpw-27161","Microsoft.Compute/virtualMachines","rg-pw-ops-dev-jpe-27161","/subscriptions/1acecba7-23bd-4d4d-9770-0b11998514dc/resourceGroups/rg-pw-ops-dev-jpe-27161/providers/Microsoft.Compute/virtualMachines/vm-pw-ops-dev-jpw-27161/providers/Microsoft.Security/assessments/e29d370b-6387-5cd8-97a3-71e2626930e0"
"9b4bc025-2778-c089-92a3-8c06cc87632a","Update xxd","Medium","Unhealthy",,,"BestPractices","Misconfigurations","SystemUpdate",,,"/subscriptions/1acecba7-23bd-4d4d-9770-0b11998514dc/resourceGroups/rg-pw-ops-dev-jpe-27161/providers/Microsoft.Compute/virtualMachines/vm-pw-ops-dev-jpw-27161","vm-pw-ops-dev-jpw-27161","Microsoft.Compute/virtualMachines","rg-pw-ops-dev-jpe-27161","/subscriptions/1acecba7-23bd-4d4d-9770-0b11998514dc/resourceGroups/rg-pw-ops-dev-jpe-27161/providers/Microsoft.Compute/virtualMachines/vm-pw-ops-dev-jpw-27161/providers/Microsoft.Security/assessments/9b4bc025-2778-c089-92a3-8c06cc87632a"
"666d6810-b6b9-88cd-7c10-d294a39c9928","Update libxml2_for_linux","High","Unhealthy",,,"Vulnerability","Vulnerabilities","SoftwareUpdate",,,"/subscriptions/1acecba7-23bd-4d4d-9770-0b11998514dc/resourceGroups/RG-INVENTORY-DEMO/providers/Microsoft.Compute/virtualMachines/vm-demo-app-02","vm-demo-app-02","Microsoft.Compute/virtualMachines","RG-INVENTORY-DEMO","/subscriptions/1acecba7-23bd-4d4d-9770-0b11998514dc/resourceGroups/RG-INVENTORY-DEMO/providers/Microsoft.Compute/virtualMachines/vm-demo-app-02/providers/Microsoft.Security/assessments/666d6810-b6b9-88cd-7c10-d294a39c9928"
"f441c515-342c-8c7a-3d14-77fedfb8df60","Update tar_for_linux","High","Unhealthy",,,"Vulnerability","Vulnerabilities","SoftwareUpdate",,,"/subscriptions/1acecba7-23bd-4d4d-9770-0b11998514dc/resourceGroups/RG-INVENTORY-DEMO/providers/Microsoft.Compute/virtualMachines/vm-demo-app-02","vm-demo-app-02","Microsoft.Compute/virtualMachines","RG-INVENTORY-DEMO","/subscriptions/1acecba7-23bd-4d4d-9770-0b11998514dc/resourceGroups/RG-INVENTORY-DEMO/providers/Microsoft.Compute/virtualMachines/vm-demo-app-02/providers/Microsoft.Security/assessments/f441c515-342c-8c7a-3d14-77fedfb8df60"
"24cff57a-6191-a04e-dc6f-457d299851d8","Update telnet_for_linux","High","Unhealthy",,,"Vulnerability","Vulnerabilities","SoftwareUpdate",,,"/subscriptions/1acecba7-23bd-4d4d-9770-0b11998514dc/resourceGroups/RG-INVENTORY-DEMO/providers/Microsoft.Compute/virtualMachines/vm-demo-mgmt-01","vm-demo-mgmt-01","Microsoft.Compute/virtualMachines","RG-INVENTORY-DEMO","/subscriptions/1acecba7-23bd-4d4d-9770-0b11998514dc/resourceGroups/RG-INVENTORY-DEMO/providers/Microsoft.Compute/virtualMachines/vm-demo-mgmt-01/providers/Microsoft.Security/assessments/24cff57a-6191-a04e-dc6f-457d299851d8"
"f2ff65b7-358b-2b0b-19ef-c67ffd05f0d2","Update systemd-resolved_for_linux","Medium","Unhealthy",,,"Vulnerability","Vulnerabilities","SoftwareUpdate",,,"/subscriptions/1acecba7-23bd-4d4d-9770-0b11998514dc/resourceGroups/RG-INVENTORY-DEMO/providers/Microsoft.Compute/virtualMachines/vm-demo-mgmt-01","vm-demo-mgmt-01","Microsoft.Compute/virtualMachines","RG-INVENTORY-DEMO","/subscriptions/1acecba7-23bd-4d4d-9770-0b11998514dc/resourceGroups/RG-INVENTORY-DEMO/providers/Microsoft.Compute/virtualMachines/vm-demo-mgmt-01/providers/Microsoft.Security/assessments/f2ff65b7-358b-2b0b-19ef-c67ffd05f0d2"
"53fd08c6-ed4e-99bf-09b4-918085ebe41f","Update systemd-dev_for_linux","Medium","Unhealthy",,,"Vulnerability","Vulnerabilities","SoftwareUpdate",,,"/subscriptions/1acecba7-23bd-4d4d-9770-0b11998514dc/resourceGroups/RG-INVENTORY-DEMO/providers/Microsoft.Compute/virtualMachines/vm-demo-mgmt-01","vm-demo-mgmt-01","Microsoft.Compute/virtualMachines","RG-INVENTORY-DEMO","/subscriptions/1acecba7-23bd-4d4d-9770-0b11998514dc/resourceGroups/RG-INVENTORY-DEMO/providers/Microsoft.Compute/virtualMachines/vm-demo-mgmt-01/providers/Microsoft.Security/assessments/53fd08c6-ed4e-99bf-09b4-918085ebe41f"
"ec3f812f-3b49-eb8f-3144-a6d80a6eaa1c","Update vim_for_linux","Medium","Unhealthy",,,"Vulnerability","Vulnerabilities","SoftwareUpdate",,,"/subscriptions/1acecba7-23bd-4d4d-9770-0b11998514dc/resourceGroups/RG-INVENTORY-DEMO/providers/Microsoft.Compute/virtualMachines/vm-demo-mgmt-01","vm-demo-mgmt-01","Microsoft.Compute/virtualMachines","RG-INVENTORY-DEMO","/subscriptions/1acecba7-23bd-4d4d-9770-0b11998514dc/resourceGroups/RG-INVENTORY-DEMO/providers/Microsoft.Compute/virtualMachines/vm-demo-mgmt-01/providers/Microsoft.Security/assessments/ec3f812f-3b49-eb8f-3144-a6d80a6eaa1c"
"502d04f7-af1d-8294-4576-cb662a7c8343","Update vim-common_for_linux","High","Unhealthy",,,"Vulnerability","Vulnerabilities","SoftwareUpdate",,,"/subscriptions/1acecba7-23bd-4d4d-9770-0b11998514dc/resourceGroups/RG-INVENTORY-DEMO/providers/Microsoft.Compute/virtualMachines/vm-demo-mgmt-01","vm-demo-mgmt-01","Microsoft.Compute/virtualMachines","RG-INVENTORY-DEMO","/subscriptions/1acecba7-23bd-4d4d-9770-0b11998514dc/resourceGroups/RG-INVENTORY-DEMO/providers/Microsoft.Compute/virtualMachines/vm-demo-mgmt-01/providers/Microsoft.Security/assessments/502d04f7-af1d-8294-4576-cb662a7c8343"
"83fe5c99-f0a9-bff8-8abb-dcd77a292f0e","Update libpam-systemd_for_linux","Medium","Unhealthy",,,"Vulnerability","Vulnerabilities","SoftwareUpdate",,,"/subscriptions/1acecba7-23bd-4d4d-9770-0b11998514dc/resourceGroups/RG-INVENTORY-DEMO/providers/Microsoft.Compute/virtualMachines/vm-demo-mgmt-01","vm-demo-mgmt-01","Microsoft.Compute/virtualMachines","RG-INVENTORY-DEMO","/subscriptions/1acecba7-23bd-4d4d-9770-0b11998514dc/resourceGroups/RG-INVENTORY-DEMO/providers/Microsoft.Compute/virtualMachines/vm-demo-mgmt-01/providers/Microsoft.Security/assessments/83fe5c99-f0a9-bff8-8abb-dcd77a292f0e"
"dfe6c0bc-8ac0-a5a9-544f-b0ceebb1aedc","Update vim-runtime_for_linux","High","Unhealthy",,,"Vulnerability","Vulnerabilities","SoftwareUpdate",,,"/subscriptions/1acecba7-23bd-4d4d-9770-0b11998514dc/resourceGroups/RG-INVENTORY-DEMO/providers/Microsoft.Compute/virtualMachines/vm-demo-mgmt-01","vm-demo-mgmt-01","Microsoft.Compute/virtualMachines","RG-INVENTORY-DEMO","/subscriptions/1acecba7-23bd-4d4d-9770-0b11998514dc/resourceGroups/RG-INVENTORY-DEMO/providers/Microsoft.Compute/virtualMachines/vm-demo-mgmt-01/providers/Microsoft.Security/assessments/dfe6c0bc-8ac0-a5a9-544f-b0ceebb1aedc"
"796079e2-8db1-ee46-c964-a16e1351b935","Update linux-image-generic_for_linux","Medium","Unhealthy",,,"Vulnerability","Vulnerabilities","SoftwareUpdate",,,"/subscriptions/1acecba7-23bd-4d4d-9770-0b11998514dc/resourceGroups/RG-INVENTORY-DEMO/providers/Microsoft.Compute/virtualMachines/vm-demo-mgmt-01","vm-demo-mgmt-01","Microsoft.Compute/virtualMachines","RG-INVENTORY-DEMO","/subscriptions/1acecba7-23bd-4d4d-9770-0b11998514dc/resourceGroups/RG-INVENTORY-DEMO/providers/Microsoft.Compute/virtualMachines/vm-demo-mgmt-01/providers/Microsoft.Security/assessments/796079e2-8db1-ee46-c964-a16e1351b935"
"2196a0b5-a34a-8628-d4a7-c773f9bb89a1","Update systemd_for_linux","Medium","Unhealthy",,,"Vulnerability","Vulnerabilities","SoftwareUpdate",,,"/subscriptions/1acecba7-23bd-4d4d-9770-0b11998514dc/resourceGroups/RG-INVENTORY-DEMO/providers/Microsoft.Compute/virtualMachines/vm-demo-mgmt-01","vm-demo-mgmt-01","Microsoft.Compute/virtualMachines","RG-INVENTORY-DEMO","/subscriptions/1acecba7-23bd-4d4d-9770-0b11998514dc/resourceGroups/RG-INVENTORY-DEMO/providers/Microsoft.Compute/virtualMachines/vm-demo-mgmt-01/providers/Microsoft.Security/assessments/2196a0b5-a34a-8628-d4a7-c773f9bb89a1"
"9c87e44b-3112-810f-1cbc-a0e4542e91cc","Update udev_for_linux","Medium","Unhealthy",,,"Vulnerability","Vulnerabilities","SoftwareUpdate",,,"/subscriptions/1acecba7-23bd-4d4d-9770-0b11998514dc/resourceGroups/RG-INVENTORY-DEMO/providers/Microsoft.Compute/virtualMachines/vm-demo-mgmt-01","vm-demo-mgmt-01","Microsoft.Compute/virtualMachines","RG-INVENTORY-DEMO","/subscriptions/1acecba7-23bd-4d4d-9770-0b11998514dc/resourceGroups/RG-INVENTORY-DEMO/providers/Microsoft.Compute/virtualMachines/vm-demo-mgmt-01/providers/Microsoft.Security/assessments/9c87e44b-3112-810f-1cbc-a0e4542e91cc"
"4f98d320-1618-7c02-9f37-a12c69c57961","Update libudev1_for_linux","Medium","Unhealthy",,,"Vulnerability","Vulnerabilities","SoftwareUpdate",,,"/subscriptions/1acecba7-23bd-4d4d-9770-0b11998514dc/resourceGroups/RG-INVENTORY-DEMO/providers/Microsoft.Compute/virtualMachines/vm-demo-mgmt-01","vm-demo-mgmt-01","Microsoft.Compute/virtualMachines","RG-INVENTORY-DEMO","/subscriptions/1acecba7-23bd-4d4d-9770-0b11998514dc/resourceGroups/RG-INVENTORY-DEMO/providers/Microsoft.Compute/virtualMachines/vm-demo-mgmt-01/providers/Microsoft.Security/assessments/4f98d320-1618-7c02-9f37-a12c69c57961"
"f2c4c27a-5d2d-efe6-2999-55f491094c3e","Update systemd-sysv_for_linux","Medium","Unhealthy",,,"Vulnerability","Vulnerabilities","SoftwareUpdate",,,"/subscriptions/1acecba7-23bd-4d4d-9770-0b11998514dc/resourceGroups/RG-INVENTORY-DEMO/providers/Microsoft.Compute/virtualMachines/vm-demo-mgmt-01","vm-demo-mgmt-01","Microsoft.Compute/virtualMachines","RG-INVENTORY-DEMO","/subscriptions/1acecba7-23bd-4d4d-9770-0b11998514dc/resourceGroups/RG-INVENTORY-DEMO/providers/Microsoft.Compute/virtualMachines/vm-demo-mgmt-01/providers/Microsoft.Security/assessments/f2c4c27a-5d2d-efe6-2999-55f491094c3e"
"666d6810-b6b9-88cd-7c10-d294a39c9928","Update libxml2_for_linux","High","Unhealthy",,,"Vulnerability","Vulnerabilities","SoftwareUpdate",,,"/subscriptions/1acecba7-23bd-4d4d-9770-0b11998514dc/resourceGroups/RG-INVENTORY-DEMO/providers/Microsoft.Compute/virtualMachines/vm-demo-mgmt-01","vm-demo-mgmt-01","Microsoft.Compute/virtualMachines","RG-INVENTORY-DEMO","/subscriptions/1acecba7-23bd-4d4d-9770-0b11998514dc/resourceGroups/RG-INVENTORY-DEMO/providers/Microsoft.Compute/virtualMachines/vm-demo-mgmt-01/providers/Microsoft.Security/assessments/666d6810-b6b9-88cd-7c10-d294a39c9928"
"771a1d46-b6e9-3335-c85f-25f48eb55e89","Update libssl3t64_for_linux","Low","Unhealthy",,,"Vulnerability","Vulnerabilities","SoftwareUpdate",,,"/subscriptions/1acecba7-23bd-4d4d-9770-0b11998514dc/resourceGroups/RG-INVENTORY-DEMO/providers/Microsoft.Compute/virtualMachines/vm-demo-mgmt-01","vm-demo-mgmt-01","Microsoft.Compute/virtualMachines","RG-INVENTORY-DEMO","/subscriptions/1acecba7-23bd-4d4d-9770-0b11998514dc/resourceGroups/RG-INVENTORY-DEMO/providers/Microsoft.Compute/virtualMachines/vm-demo-mgmt-01/providers/Microsoft.Security/assessments/771a1d46-b6e9-3335-c85f-25f48eb55e89"
"0bbc261e-0cda-4d27-25d8-6f48031f78bb","Update libsystemd0_for_linux","Medium","Unhealthy",,,"Vulnerability","Vulnerabilities","SoftwareUpdate",,,"/subscriptions/1acecba7-23bd-4d4d-9770-0b11998514dc/resourceGroups/RG-INVENTORY-DEMO/providers/Microsoft.Compute/virtualMachines/vm-demo-mgmt-01","vm-demo-mgmt-01","Microsoft.Compute/virtualMachines","RG-INVENTORY-DEMO","/subscriptions/1acecba7-23bd-4d4d-9770-0b11998514dc/resourceGroups/RG-INVENTORY-DEMO/providers/Microsoft.Compute/virtualMachines/vm-demo-mgmt-01/providers/Microsoft.Security/assessments/0bbc261e-0cda-4d27-25d8-6f48031f78bb"
"f441c515-342c-8c7a-3d14-77fedfb8df60","Update tar_for_linux","High","Unhealthy",,,"Vulnerability","Vulnerabilities","SoftwareUpdate",,,"/subscriptions/1acecba7-23bd-4d4d-9770-0b11998514dc/resourceGroups/RG-INVENTORY-DEMO/providers/Microsoft.Compute/virtualMachines/vm-demo-mgmt-01","vm-demo-mgmt-01","Microsoft.Compute/virtualMachines","RG-INVENTORY-DEMO","/subscriptions/1acecba7-23bd-4d4d-9770-0b11998514dc/resourceGroups/RG-INVENTORY-DEMO/providers/Microsoft.Compute/virtualMachines/vm-demo-mgmt-01/providers/Microsoft.Security/assessments/f441c515-342c-8c7a-3d14-77fedfb8df60"
"cc236e65-c4b8-4e4a-a284-2d1965badacf","Update vim-tiny_for_linux","High","Unhealthy",,,"Vulnerability","Vulnerabilities","SoftwareUpdate",,,"/subscriptions/1acecba7-23bd-4d4d-9770-0b11998514dc/resourceGroups/RG-INVENTORY-DEMO/providers/Microsoft.Compute/virtualMachines/vm-demo-mgmt-01","vm-demo-mgmt-01","Microsoft.Compute/virtualMachines","RG-INVENTORY-DEMO","/subscriptions/1acecba7-23bd-4d4d-9770-0b11998514dc/resourceGroups/RG-INVENTORY-DEMO/providers/Microsoft.Compute/virtualMachines/vm-demo-mgmt-01/providers/Microsoft.Security/assessments/cc236e65-c4b8-4e4a-a284-2d1965badacf"
"e41d2913-a3e0-a477-1468-c987f74e9881","Update libnss-systemd_for_linux","Medium","Unhealthy",,,"Vulnerability","Vulnerabilities","SoftwareUpdate",,,"/subscriptions/1acecba7-23bd-4d4d-9770-0b11998514dc/resourceGroups/RG-INVENTORY-DEMO/providers/Microsoft.Compute/virtualMachines/vm-demo-mgmt-01","vm-demo-mgmt-01","Microsoft.Compute/virtualMachines","RG-INVENTORY-DEMO","/subscriptions/1acecba7-23bd-4d4d-9770-0b11998514dc/resourceGroups/RG-INVENTORY-DEMO/providers/Microsoft.Compute/virtualMachines/vm-demo-mgmt-01/providers/Microsoft.Security/assessments/e41d2913-a3e0-a477-1468-c987f74e9881"
"1ff83dc8-e1ae-ddae-abeb-4a127d89acfd","Update openssl_for_linux","Low","Unhealthy",,,"Vulnerability","Vulnerabilities","SoftwareUpdate",,,"/subscriptions/1acecba7-23bd-4d4d-9770-0b11998514dc/resourceGroups/RG-INVENTORY-DEMO/providers/Microsoft.Compute/virtualMachines/vm-demo-mgmt-01","vm-demo-mgmt-01","Microsoft.Compute/virtualMachines","RG-INVENTORY-DEMO","/subscriptions/1acecba7-23bd-4d4d-9770-0b11998514dc/resourceGroups/RG-INVENTORY-DEMO/providers/Microsoft.Compute/virtualMachines/vm-demo-mgmt-01/providers/Microsoft.Security/assessments/1ff83dc8-e1ae-ddae-abeb-4a127d89acfd"
"36fc4c8b-6f83-2286-bd18-a8dee06246cc","Update libsystemd-shared_for_linux","Medium","Unhealthy",,,"Vulnerability","Vulnerabilities","SoftwareUpdate",,,"/subscriptions/1acecba7-23bd-4d4d-9770-0b11998514dc/resourceGroups/RG-INVENTORY-DEMO/providers/Microsoft.Compute/virtualMachines/vm-demo-mgmt-01","vm-demo-mgmt-01","Microsoft.Compute/virtualMachines","RG-INVENTORY-DEMO","/subscriptions/1acecba7-23bd-4d4d-9770-0b11998514dc/resourceGroups/RG-INVENTORY-DEMO/providers/Microsoft.Compute/virtualMachines/vm-demo-mgmt-01/providers/Microsoft.Security/assessments/36fc4c8b-6f83-2286-bd18-a8dee06246cc"
"2138c8d4-da80-f0da-8349-6b76bf9a5bff","Update xxd_for_linux","High","Unhealthy",,,"Vulnerability","Vulnerabilities","SoftwareUpdate",,,"/subscriptions/1acecba7-23bd-4d4d-9770-0b11998514dc/resourceGroups/RG-INVENTORY-DEMO/providers/Microsoft.Compute/virtualMachines/vm-demo-mgmt-01","vm-demo-mgmt-01","Microsoft.Compute/virtualMachines","RG-INVENTORY-DEMO","/subscriptions/1acecba7-23bd-4d4d-9770-0b11998514dc/resourceGroups/RG-INVENTORY-DEMO/providers/Microsoft.Compute/virtualMachines/vm-demo-mgmt-01/providers/Microsoft.Security/assessments/2138c8d4-da80-f0da-8349-6b76bf9a5bff"
"64056b21-d2b8-1280-6b20-ff6e2cb29d3c","Update inetutils-telnet_for_linux","High","Unhealthy",,,"Vulnerability","Vulnerabilities","SoftwareUpdate",,,"/subscriptions/1acecba7-23bd-4d4d-9770-0b11998514dc/resourceGroups/RG-INVENTORY-DEMO/providers/Microsoft.Compute/virtualMachines/vm-demo-mgmt-01","vm-demo-mgmt-01","Microsoft.Compute/virtualMachines","RG-INVENTORY-DEMO","/subscriptions/1acecba7-23bd-4d4d-9770-0b11998514dc/resourceGroups/RG-INVENTORY-DEMO/providers/Microsoft.Compute/virtualMachines/vm-demo-mgmt-01/providers/Microsoft.Security/assessments/64056b21-d2b8-1280-6b20-ff6e2cb29d3c"
"af173089-8961-467f-5e21-9ca1b9a0a796","Update libsqlite3-0_for_linux","High","Unhealthy",,,"Vulnerability","Vulnerabilities","SoftwareUpdate",,,"/subscriptions/1acecba7-23bd-4d4d-9770-0b11998514dc/resourceGroups/RG-INVENTORY-DEMO/providers/Microsoft.Compute/virtualMachines/vm-demo-app-01","vm-demo-app-01","Microsoft.Compute/virtualMachines","RG-INVENTORY-DEMO","/subscriptions/1acecba7-23bd-4d4d-9770-0b11998514dc/resourceGroups/RG-INVENTORY-DEMO/providers/Microsoft.Compute/virtualMachines/vm-demo-app-01/providers/Microsoft.Security/assessments/af173089-8961-467f-5e21-9ca1b9a0a796"
"c9c6686b-531d-c006-7dce-d20e28b553e5","Update libnss3_for_linux","Medium","Unhealthy",,,"Vulnerability","Vulnerabilities","SoftwareUpdate",,,"/subscriptions/1acecba7-23bd-4d4d-9770-0b11998514dc/resourceGroups/RG-INVENTORY-DEMO/providers/Microsoft.Compute/virtualMachines/vm-demo-app-01","vm-demo-app-01","Microsoft.Compute/virtualMachines","RG-INVENTORY-DEMO","/subscriptions/1acecba7-23bd-4d4d-9770-0b11998514dc/resourceGroups/RG-INVENTORY-DEMO/providers/Microsoft.Compute/virtualMachines/vm-demo-app-01/providers/Microsoft.Security/assessments/c9c6686b-531d-c006-7dce-d20e28b553e5"
